"link"|"place_name"|"city_name"|"price_by_night"|"rating"|"address"|"images"|"amenities"|"description"|"thirdparty"
"https://us.trip.com/hotels/beijing-hotel-detail-80906412/hampton-by-hilton-beijing-shijingshan-amusemen-park/?cityId=1&checkIn=2022-01-22&checkOut=2022-01-23&adult=2&children=0&crn=1&ages=&travelpurpose=0&curr=USD&link=title&hoteluniquekey=H4sIAAAAAAAAAONaz8jFK8Fk8B8GGIWYOBilZjJy9G1YMJ3FYCWTxc0IRwYQ8Ghw8AQzdjQ5BPBMYpTkhPEE00DgUr2DEyvHE08JlhmMayaeUtvICJZvCHbYwch0gJHxBGPQAqa9QIldTBBlh4D0BU4JllNMDJeYGG4xMTxiYnjFxPCJieEXVEUTM0MXM8MkZoi6WcwMi5gZhFjBLpNSSEtMs7Q0TUsxSjW1NDE1NE40MDJLNDEwS01OSTQ3NjdU4NaYNnNlP5sRgxWzFKObB2MQm5u5pauzQZQMF7OzX6Qg2HkMH-ylmEODXRStC851XIqTdEhiTc3TDQ3OuMtRwNjFyCbA6MEYwbiKkQEAEh0vTSoBAAA"|"Hampton by Hilton Beijing Shijingshan Amusemen Park"|"Beijing"|"82"|"4.7"|"Courtyard 25，Bajiao East Street, Beijing, China"|"[""https://ak-d.tripcdn.com/images/0202b1200094qh2onA2BD_R_600_400_R5_D.jpg_.webp"", ""https://ak-d.tripcdn.com/images/020221200090prd1u14A5_R_800_525_R5_D.jpg"", ""https://ak-d.tripcdn.com/images/0200h1200090pr8gc0617_R_800_525_R5_D.jpg""]"|"Wi-Fi in designated areasRestaurantBarFront desk (24 hours)Gym"|"Opened: 2021 Opened in 2021, the Hampton by Hilton Beijing Shijingshan Amusemen Park offers travelers a pleasant stay in Beijing, whether for business or leisure purposes."|"trip.com"
"https://us.trip.com/hotels/beijing-hotel-detail-44183254/shiyuan-pushen-hotel/?cityId=1&checkIn=2022-01-22&checkOut=2022-01-23&adult=2&children=0&crn=1&ages=&travelpurpose=0&curr=USD&link=title&hoteluniquekey=H4sIAAAAAAAAAON6z8jFK8Fk8B8GGIWYOBilbjJy9C5YvY7F4laEIwMIvFvm4AlmxK1yCOBpZIQIJjpMYvTkhIkLguiGzGUOSrocjz4v4hZQkej5-ktSgcPiApMjTIMnjBHEEMXG8fQZrwSHExvHnfnMEiwzGK_d7RDdCDG7odphByPTAUamE4znmRcwPbrXIbqLCarwEBMrx1wzCZZTTAyXmBhuMTE8YmJ4xcTwiQlq4C-YwiZmhi5mhknMEOWzmBkWMTMIsYJ9JqWQlphmaWmalmKUamppYmponGhgZJZoYmCWmpySaG5sbqjArTFt5sp-NiMGK2YpRjcPxiA2SyNXA2fjKBkuZme_SLB3GRg-2Esxhwa7KFoXnOu4FCfpkMSamqcbGpxxl6OAsYuRTYDRgzGCcRUjAwAz4j8TagEAAA"|"Shiyuan Pushen Hotel"|"Beijing"|"463"|"4.7"|"Building 66, No.1 Courtyard, Baikang Road, Beijing, China"|"[""https://ak-d.tripcdn.com/images/2004180000014l38lF2B3_R_600_400_R5_D.jpg_.webp"", ""https://ak-d.tripcdn.com/images/0200b120008tbk4niF370_R_800_525_R5_D.jpg"", ""https://ak-d.tripcdn.com/images/0200z120008tblia3624B_R_800_525_R5_D.jpg""]"|"Wi-Fi in designated areasRestaurantNon-smoking floorFront desk (24 hours)Wake-up call"|"Opened: 2019 Opened in 2019, the Shiyuan Pushen Hotel is a great accommodation choice in Beijing."|"trip.com"
"https://us.trip.com/hotels/beijing-hotel-detail-608516/citigo-hotel-sanyuanqiao-beijing/?cityId=1&checkIn=2022-01-22&checkOut=2022-01-23&adult=2&children=0&crn=1&ages=&travelpurpose=0&curr=USD&link=title&hoteluniquekey=H4sIAAAAAAAAAOOawMTFK8Fk8B8GGIWYOBilfjFyXOt8-oTZIMKRAQQWlDt4ghkCNQ4BPIVgJoOnQyMjmOHg6jCJMZ4TzDaodxBMA4GmKgclF45TbT1sAvYSG55N5FVg1ITpM4QxLP5wOcKM8IQxglg5prJJsESxcezvZpHgcGLl2G0rwTKDsWWS6gpGxo0QOw8EOuxgZDrBaLOAac88jV1MEEWHmFg4CiSYTjExXGJiuMXE8IgJYtYrJoZPTFDzfkHVNjEzdDEzTGIG65jFDFG4iJlBiBXsdSmFtMQ0S0vTtBSjVFNLE1ND40QDI7NEEwOz1OSURHNjc0MFbo1pM1f2sxkxWDFLMbp5MAaxWboam5k4R8lwMTv7RQpCfPnBXoo5NNhF0brgXMelOEmHJNbUPN3Q4Iy7HAWMXYxsAowejBGMqxgZAL69fBOLAQAA"|"CitiGO Hotel Sanyuanqiao Beijing"|"Beijing"|"57"|"4.7"|"Section 17, No.A5 Shuguang Xili, Beijing, 100028, China"|"[""https://ak-d.tripcdn.com/images/020691200082co240B8EA_R_600_400_R5_D.jpg_.webp"", ""https://ak-d.tripcdn.com/images/200a1c000001d88za3EB5_R_800_525_R5_D.jpg"", ""https://ak-d.tripcdn.com/images/200o160000010n8atD49A_R_800_525_R5_D.jpg""]"|"Wi-Fi in designated areasRestaurantCaféNon-smoking floorFront desk (24 hours)"|"Opened: 2019 The CitiGO Hotel Sanyuanqiao Beijing is one of the newest hotels in Beijing, having opened in 2019."|"trip.com"
"https://us.trip.com/hotels/beijing-hotel-detail-429531/pentahotel-beijing/?cityId=1&checkIn=2022-01-22&checkOut=2022-01-23&adult=2&children=0&crn=1&ages=&travelpurpose=0&curr=USD&link=title&hoteluniquekey=H4sIAAAAAAAAAOPqY-LilWAy-A8DjEJMHIxSPxg5ds_6M4_ZkQEEFEocPMGMBRUOATyFYCZDjEMjo3a72M1zy8MdJjHGcUIU1DsIzpoJBA-rHJScOV486GQW4Jbo2DmVTYFRE6bPEMawUHSEmeAJYwSxctzhlWCJYuM40MspweHEyrHKToJlBuPt2VIrGBk3MkL0BjnsYGQ6wWi8gOlIxC4miJpDQPoDhwTLKSaGS0wMt5gYHjFBzHrFxPCJCWreL6jiJmaGLmaGScwQLbOYISoXMTMIsYI9LqWQlphmaWmalmKUamppYmponGhgZJZoYmCWmpySaG5sbqjArTFt5sp-NiMGK2YpRjcPxiA2Y1dDR0ujKBkuZme_SEGISz_YSzGHBrsoWhec67gUJ-mQxJqapxsanHGXo4Cxi5FNgNGDMYJxFSMDAIaSCR-JAQAA"|"pentahotel Beijing"|"Beijing"|"51"|"4.5"|"No.3-18 Chongwenmen Outer Street, Beijing, 100062, China"|"[""https://ak-d.tripcdn.com/images/0205z120008dr4pxv9C7E_R_600_400_R5_D.jpg_.webp"", ""https://ak-d.tripcdn.com/images/0206w120008dr3asn29FA_R_800_525_R5_D.jpg"", ""https://ak-d.tripcdn.com/images/fd/hotel/g5/M0A/C4/B8/CggYsVc6uJCAGEZ6AAYO7hAV-gA725_R_800_525_R5_D.jpg""]"|"Wi-Fi in designated areasRestaurantBarNon-smoking floorCurrency exchange"|"Opened: 1999 The Pentahotel Beijing (Beijing Bei'erte Jiudian) is nestled in the heart of Beijing's business district just two minutes away from the Subway Lines 2 and 5 Chongwenmen Station and just 1km form Betijing Station. The Hotel is just 600 meters form Tongren Hospital and Beijing Hospital with 8 minutes walking distance. Lots of famous attractions including Tian'anmen Square,  the Temple of Heaven, Wangfujin Street, The temple of heaven park and the Hongqiao Pearl Market  are all located nearby. The Hotel and the New World Shopping Mall are an integrated building, which can be directly reached through the hotel's 5 floors to the interior of the shopping mall. The hotel is adjacent to the Glory City Shopping Mall and the Rubik's Cube Shopping Mall and has all kinds of entertainment, catering, shopping and commercial facilities. Penta brand originated from Germany in Europe, unique, fashionable and versatile are our brand culture. The hotel staff are wearing t-shirts and jeans to serve our penta guests, style and leisure, to create a relaxed and pleasant environment for guests to stay with us. We look forward to your choice of penta and your feeling of ""penta"" with us."|"trip.com"
"https://us.trip.com/hotels/beijing-hotel-detail-6806947/bulgari-hotel-beijing/?cityId=1&checkIn=2022-01-22&checkOut=2022-01-23&adult=2&children=0&crn=1&ages=&travelpurpose=0&curr=USD&link=title&hoteluniquekey=H4sIAAAAAAAAAOPaxMjFK8Fk8B8GGIWYOBil5jBy3F7Qf4vJgMORAQSOrXTwBDP41jkE8ExilOKE8QQLbbmuK6uucnBi43h7k1mCZQbj4t3zmVcwMm5kBKtRaHTYwch0gJHpBGMHywKmN5t3sexigqo9xMTKsdtZguUUE8MlJoZbTAyPmBheMTF8YmL4BVPSxMzQxcwwiRmicBYzwyJmBiFWsOOkFNIS0ywtTdNSjFJNLU1MDY0TDYzMEk0MzFKTUxLNjc0NFbg1ps1c2c9mxGDFLMXo5sEYxObo7Gjm5hglw8Xs7BcpCHYhwwd7KebQYBdF64JzHZfiJB2SWFPzdEODM-5yFDB2MbIJMHowRjCuYmQAAEOL8vUtAQAA"|"Bulgari Hotel Beijing"|"Beijing"|"520"|"4.7"|"Building 2, Courtyard 8, South Xinyuan Road, Beijing, China"|"[""https://ak-d.tripcdn.com/images/02024120008p38o1e1F15_R_600_400_R5_D.jpg_.webp"", ""https://ak-d.tripcdn.com/images/200w0k000000ccmpp55A1_R_800_525_R5_D.jpg"", ""https://ak-d.tripcdn.com/images/200j0o000000ell9t53E1_R_800_525_R5_D.jpg""]"|"Wi-Fi in designated areasAirport pickup serviceRestaurantBarNon-smoking floor"|"Opened: 2017 Referred to as an ""urban resort"", the Bulgari Hotel Beijing is located in the heart of the exclusive Embassy District, in China's capital city. Blending art with nature, the Hotel is situated adjacent to the Genesis Art Foundation, and surrounded by lush, sculpted gardens, is an intimate oasis where the discerning traveller and the Beijing's sophisticated elite may encounter nature and art. The hotel's 119 Rooms and Suites, including the Bulgari Suite, are complemented by a 1500-square-metre BVLGARI SPA, 25-metre pool, private park, Il Ristorante, Il Bar, and a BVLGARI ballroom, establishing a new benchmark for enlightened luxury living and personalised services. Guests can enjoy 24-hour breakfast service, complimentary Berluti shoeshine service and complimentary pressing service. Guests who book Superior Suites and above are entitled to complimentary one-way airport transportation."|"trip.com"
"https://us.trip.com/hotels/shanghai-hotel-detail-69314532/blossom-house-shanghai-on-the-bund/?cityId=2&checkIn=2022-01-22&checkOut=2022-01-23&adult=2&children=0&crn=1&ages=&travelpurpose=0&curr=USD&link=title&hoteluniquekey=H4sIAAAAAAAAAOPaxMjFK8Fk8B8GGIWYOBil5jBynP_a9Y7ZYBK7xa0IRwYQMGhx8AQzLNodAngmMUpywniCaSCwp9nBiZXjULQEywzGJ-fbFFcwMm5kBCtxiHDYwch0gJHpBGPaAqbXQLldTBCVh4D0D24JllNMDJeYGG4xMTxiYnjFxPCJieEXVEUTM0MXM8MkZoi6WcwMi5gZhFjBjpNSMEtMNjBMMTSyNDRKNDE3MUxKNko2sUxMsUwxMk0ySzRT4Nb4PWtlP5sRgxWzFKObB2MQm7GLo6m5Y5QMF7OzX6Qg2HkMH-ylmEODXRStC851XIqTdEhiTc3TDQ3OuMtRwNjFyCbA6MEYwbiKkQEAIO1npS0BAAA"|"Blossom House Shanghai On The Bund"|"Shanghai"|"103"|"4.7"|"NO.386 Ren Min road, Shanghai, China"|"[""https://ak-d.tripcdn.com/images/02013120008a05psz26B1_R_600_400_R5_D.jpg_.webp"", ""https://ak-d.tripcdn.com/images/02002120008jypyihC573_R_800_525_R5_D.jpg"", ""https://ak-d.tripcdn.com/images/0205t120008bo62feA94B_R_800_525_R5_D.jpg""]"|"Wi-Fi in designated areasRestaurantNon-smoking floorFront desk (24 hours)Wake-up call"|"Opened: 2020 Opened in 2020, the Blossom House Shanghai On The Bund offers travelers a pleasant stay in Shanghai, whether for business or leisure purposes."|"trip.com"
"https://us.trip.com/hotels/shanghai-hotel-detail-4889292/wanda-reign-on-the-bund/?cityId=2&checkIn=2022-01-22&checkOut=2022-01-23&adult=2&children=0&crn=1&ages=&travelpurpose=0&curr=USD&link=title&hoteluniquekey=H4sIAAAAAAAAAONaxcjFK8Fk8B8GGIWYOBilpjBy_Fl59x6zIwMIREx38AQzbsxyCOCZxCjFCeMJGoPAxWkOTmwc5y8zSrDMYDyzdRXTRkawAoYchx2MTCcY3zAuYDpw9gHTLiaoqkNMrBxnpSVYTjExXGJiuMXE8IiJ4RUTwycmhl8wJU3MDF3MDJOYIQpnMTMsYmYQYgU7SkrBLDHZwDDF0MjS0CjRxNzEMCnZKNnEMjHFMsXINMks0UyBW-P3rJX9bEYMVsxSjG4ejEFsLs5GbhZuUTJczM5-kYIQ532wl2IODXZRtC4413EpTtIhiTU1Tzc0OOMuRwFjFyObAKMHYwTjKkYGAHiH1tElAQAA"|"Wanda Reign on the Bund"|"Shanghai"|"236"|"4.8"|"538 East Zhongshan 2nd Road (Zhongshan Dong Er Lu), Shanghai, 200010, China"|"[""https://ak-d.tripcdn.com/images/200u0k000000c9j37749C_R_600_400_R5_D.jpg_.webp"", ""https://ak-d.tripcdn.com/images/2006080000003985c2A53_R_800_525_R5_D.jpg"", ""https://ak-d.tripcdn.com/images/200g0n000000e11yx3298_R_800_525_R5_D.jpg""]"|"Wi-Fi in designated areasAirport pickup serviceRestaurantCaféBar"|"Opened: 2016 Located in the heart of Shanghai, Wanda Reign on the Bund features spectacular views of the Bund, Huangpu River and Pudong skyline. Apart from its superior location, the much-anticipated Wanda Reign on the Bund also presents extravagance and high-tech amenities, a diversity of fine dining options in a luxurious setting, and crafted hospitality that ensures guests enjoy an unforgettable stay.
With the Art Deco-inspired interiors, the hotel integrates architecture of different cultures and classical arts of Shanghai to set a new benchmark for luxury hotels. Blending Reign ultimate luxury and state-of-art technology perfectly. The sophisticated design seamlessly integrates glamorous settings in a stylish, together with breathtaking views of the Bund, Huangpu River, Pudong skyline and Yu Garden."|"trip.com"
"https://us.trip.com/hotels/shanghai-hotel-detail-2382332/shanghai-wujiaochang-yifei-hotel/?cityId=2&checkIn=2022-01-22&checkOut=2022-01-23&adult=2&children=0&crn=1&ages=&travelpurpose=0&curr=USD&link=title&hoteluniquekey=H4sIAAAAAAAAAONaw8jFK8Fk8B8GGIWYOBilpjFy7Nr0cBKLwXxBiw1hjgxgUOXgCaYf1DoE8ExilOSE8QTBjIJKBydWjg9WEiwzGP9snsi4kRGizd9hByPTCUanBUyzH65S28UEUXMISF9nl2A5xcRwiYnhFhPDIyaGV0wMn5gYfkFVNDEzdDEzTGKGqJvFzLCImUGIFewsKQWzxGQDwxRDI0tDo0QTcxPDpGSjZBPLxBTLFCPTJLNEMwVujd-zVvazGTFYMUsxunkwBrEZWRiYOztFyXAxO_tFQpzM8MFeijk02EXRuuBcx6U4SYck1tQ83dDgjLscBYxdjGwCjB6MEYyrGBkArZxiyycBAAA"|"Shanghai Wujiaochang Yifei Hotel"|"Shanghai"|"66"|"4.7"|"No. 255 East Guoding Road, Shanghai, 200433, China"|"[""https://ak-d.tripcdn.com/images/0205m1200098auy178827_R_600_400_R5_D.jpg_.webp"", ""https://ak-d.tripcdn.com/images/0206l120008nsu5n0B05D_R_800_525_R5_D.jpg"", ""https://ak-d.tripcdn.com/images/0200f1200098avrjg2C3D_R_800_525_R5_D.jpg""]"|"Wi-Fi in designated areasRestaurantCaféNon-smoking floorFront desk (24 hours)"|"Opened: 2020 The hotel has 199 comfortable and elegant guest rooms to provide business travelers with a relaxed check-in experience, especially intelligent service facilities, self-service check-in and check-out service. All rooms are equipped with intelligent voice customer service system and independent fresh air system, and n95-level filter screen and REAL-TIME PM2.5 monitoring function are added to provide a safe and comfortable living environment for guests. In addition, the hotel is also equipped with full-day restaurant, 24-hour gym, laundromat, meeting room and other facilities, in the lobby area relaxed and comfortable environment, you can taste the coffee light food carefully prepared by Yifeifa, special selection of craft beer, French wine and other delicacies, is the best choice for business negotiation friends gathering"|"trip.com"
"https://us.trip.com/hotels/shanghai-hotel-detail-75329189/the-bund-puyan-hotel-shanghai/?cityId=2&checkIn=2022-01-22&checkOut=2022-01-23&adult=2&children=0&crn=1&ages=&travelpurpose=0&curr=USD&link=title&hoteluniquekey=H4sIAAAAAAAAAOOawsjFK8Fk8B8GGIWYOBil6jl2bL4zl8ViV4EjAwjM6HDwhDECeCYxSnLCeIJghkGLgxMrx48ECZYZjEvvflXewch0grFmAdPJH1fUdjFBZA4xMZxiYrjExHCLieERE8MrJoZPTAy_oJJNzAxdzAyTmBlmMTMsYmYQYgXbL6VglphsYJhiaGRpaJRoYm5imJRslGximZhimWJkmmSWaKbArfF71sp-NiMGK2YpRjcPxiA2I2cDU1ejKBkuZme_SIjzGD7YSzGHBrsoWhec67gUJ-mQxJqapxsanHGXo4Cxi5FNgNGDMYJxFSMDAPYWB-oPAQAA"|"The Bund Puyan Hotel, Shanghai"|"Shanghai"|"124"|"4.7"|"No.398 Beijing East Road, Shanghai, China"|"[""https://ak-d.tripcdn.com/images/0205v120008yrfh2u2C74_R_600_400_R5_D.jpg_.webp"", ""https://ak-d.tripcdn.com/images/0203a120008xal28rAAE2_R_800_525_R5_D.jpg"", ""https://ak-d.tripcdn.com/images/0205z120008xakc0dC84E_R_800_525_R5_D.jpg""]"|"Wi-Fi in designated areasRestaurantNon-smoking floorFront desk (24 hours)Wake-up call"|"Opened: 2021 Opened in 2021, the Bund Puyan Hotel, Shanghai offers travelers a pleasant stay in Shanghai, whether for business or leisure purposes."|"trip.com"
"https://us.trip.com/hotels/shanghai-hotel-detail-7270168/w-shanghai-the-bund/?cityId=2&checkIn=2022-01-22&checkOut=2022-01-23&adult=2&children=0&crn=1&ages=&travelpurpose=0&curr=USD&link=title&hoteluniquekey=H4sIAAAAAAAAAONaz8jFK8Fk8B8GGIWYOBilZjJyPD3fd4fJgMORAQQ-zHPwBDO4FjkE8ExilOKE8QSNQSBpvoMTG8fWOUwSLDMYZ9zbzbyCkXEjI1jNhBKHHYxMJxh3MC1gmgmU2cUEVXiIiZVjv4YEyykmhktMDLeYGB4xMbxiYvjExPALpqSJmaGLmWESM0ThLGaGRcwMQqxgl0kpmCUmGximGBpZGholmpibGCYlGyWbWCamWKYYmSaZJZopcGv8nrWyn82IwYpZitHNgzGIzdXIwszNMkqGi9nZL1KQAeI1eynm0GAXReuCcx2X4iQdklhT83RDgzPuchQwdjGyCTB6MEYwrmJkAAB18bcwKgEAAA"|"W Shanghai - The Bund"|"Shanghai"|"296"|"4.5"|"No. 66 Lvshun Road, Shanghai, China"|"[""https://ak-d.tripcdn.com/images/0204g1200097ae0x0D5A0_R_600_400_R5_D.jpg_.webp"", ""https://ak-d.tripcdn.com/images/200j0k000000c7uv302FB_R_800_525_R5_D.jpg"", ""https://ak-d.tripcdn.com/images/200j0p000000fjcfx4BB7_R_800_525_R5_D.jpg""]"|"Wi-Fi in designated areasAirport pickup serviceRestaurantCaféBar"|"Opened: 2018 W Shanghai – The Bund, set amid the stunning panoramic views of Huangpu River and the up-and-coming North Bund in Puxi. Walking distance from the hotel to central Bund. Only 5-10 minutes’ drive from the hotel to popular destinations such as City God Temple (Cheng Huang Miao), People's Square, West Nanjing Road , Xintiandi, Pudong Lujiazui etc.
W Shanghai – The Bund is only 200 meters away from the Shanghai metro line 12, International Cruse Terminal Station, 45 minutes’ drive from Pudong International Airport, and 35 minutes’ drive from Hongqiao Airport.
W Shanghai – The Bund has a total of 42 floors, unveiling views of the Huangpu River, the supremely chic guestrooms and suites fuse sophisticated Mandarin designs with playful contemporary twists. The hotel welcomes guests to snuggle up in the signature W bed found in all guestrooms and suites as well as high-tech facilities. Bringing an unexpected experience for guests to relish in.
A total of five inspired social and dining options include The Kitchen Table, a modern New York City style bistro with international cuisine; YEN, a two-story destination restaurant that creates authentic Cantonese dishes with a twist. WOOBAR®, Liquid at YEN and playful WET® BAR that faces the iconic skyline.
Unwind in spectacular style, guests can visit the well-equipped FIT gym, pampering AWAY® Spa, and city’s exclusive outdoor and indoor WET® swimming pools.
Innovative, inspiring and infectious, W Hotels’ super-charged energy celebrates guests’ endless appetite to discover what’s new/next in each destination, to see more, feel more, go longer, stay later."|"trip.com"
"https://us.trip.com/hotels/tianjin-hotel-detail-72560160/licheng-donggu-hotel-hangu-branch-binhai-new-area-tianjin/?cityId=3&checkIn=2022-01-22&checkOut=2022-01-23&adult=2&children=0&crn=1&ages=&travelpurpose=0&curr=USD&link=title&hoteluniquekey=H4sIAAAAAAAAAOM6zsTFK8Fk8B8GGIWYOBilNjJxTLx69i2zwTQOi1sRjgwg0JDj4AlmGBQ5BPAUgpkOGQ6NjGDWtjSHSYy9jJxgTkCdgyCYYVPpoOTMsfPCeg4BNomFl-8JKzBqwjQawhgWrBALDFJgFqQ4BLFyfBaXYIli41h8lF-CQ0mXY9eDTg4BFYkHUyYIK3BYXGCC6jGB6TFxCGIAKr_yg1GCw4mV4761BMsMxgV3ziitYGTcCHFjg7_DDkamE4wqC5iWAiV2MUGUHQLST9klWE4xMVxiYrjFxPCICWL7KyaGT0xsHN_3Ckpw_IIqbmJm6GJmmMQM0TKLGaJyETODECs4xKQUTNKMLQyT08zMjQ2TTQxTkhNNjNNMTC0tzBIT00yM0gwUuDUa5q7sZzNisGKWYnTzYAxiMzN0cTFyjZLhYnb2i4SEHMMHeynm0GAXReuCcx2X4iQdklhT83RDgzPuchQwdjGyCTB6MEYwrmJkAAD6okiGwgEAAA"|"Licheng Donggu Hotel (Hangu Branch, Binhai New Area, Tianjin)"|"Tianjin"|"36"|"4.9"|"NO.79 Xingkai North Road,Hangu, Tianjin, China"|"[""https://ak-d.tripcdn.com/images/0204k120008h28u9w5675_R_600_400_R5_D.jpg_.webp"", ""https://ak-d.tripcdn.com/images/0204l120008h292g7C7A0_R_800_525_R5_D.jpg"", ""https://ak-d.tripcdn.com/images/0200t120008h6lddbF2C4_R_800_525_R5_D.jpg""]"|"Wi-Fi in designated areasRestaurantCaféNon-smoking floorFront desk (24 hours)"|"Opened: 2021 Opened in 2021, the Licheng Donggu Hotel (Hangu Branch, Binhai New Area, Tianjin) is a great accommodation choice in Tianjin."|"trip.com"
"https://us.trip.com/hotels/tianjin-hotel-detail-430230/radisson-hotel-tianjin-aqua-city/?cityId=3&checkIn=2022-01-22&checkOut=2022-01-23&adult=2&children=0&crn=1&ages=&travelpurpose=0&curr=USD&link=title&hoteluniquekey=H4sIAAAAAAAAAONazsjFK8Fk8B8GGIWYOBilJjJyrHrY_ovZkQEEDlQ5eIIZDPUOATyTGCU5YTzBWTOBILLKwYmVo49NgmkG47SFUisYGTcyQlQEOuxgZDrB6LyAqXkq-y4miKJDQHo7hwTLKSaGS0wMt5gYHjExvGJi-MTE8AuqoomZoYuZYRIzRN0sZoZFzAxCrGAXSSmYpBlbGCanmZkbGyabGKYkJ5oYp5mYWlqYJSammRilGShwazTMXdnPZsRgxSzF6ObBGMRmZGTk6mQQJcPF7OwXKQhx2gd7KebQYBdF64JzHZfiJB2SWFPzdEODM-5yFDB2MbIJMHowRjCuYmQAAPJKVHQiAQAA"|"Radisson Hotel Tianjin Aqua City"|"Tianjin"|"67"|"4.7"|"No.6 Jieyuan Road, Tianjin, 300121, China"|"[""https://ak-d.tripcdn.com/images/0204b1200094us036FCEB_R_600_400_R5_D.jpg_.webp"", ""https://ak-d.tripcdn.com/images/0201u1200098du74d65D3_R_800_525_R5_D.jpg"", ""https://ak-d.tripcdn.com/images/200e1b000001a8x4p7B83_R_800_525_R5_D.jpg""]"|"Wi-Fi in designated areasAirport pickup serviceRestaurantCaféNon-smoking floor"|"Opened: 2011 The Holiday Inn Tianjin Aqua City (Tianjin Shuiyoucheng Jiari Jiudian) is conveniently located within walking distance of Tianjin West Railway Station and 10-minutes' ride from Tianjin Railway Station. Guests will find a metro station and a bus station next to the hotel that can bring them to many local attractions.  All guestrooms feature a variety of comforts such as central air conditioning, satellite/cable TVs, hair dryers, private safes, mini-bars and broadband Internet access.  Diners can have a wide selection of regional and international cuisines at the on-site restaurants, while the lobby bar serves many wines, beverages and snacks.  Business travelers will find a large, pillar-free banquet hall, a function hall and 6 meeting rooms ready to assist with their business needs.  Recreational facilities include a fitness center and an indoor swimming pool. In addition, the hotel is connected to the Aqua City Shopping Mall where guests will have plenty of other shopping, dining and recreational options."|"trip.com"
"https://us.trip.com/hotels/tianjin-hotel-detail-69454845/himalaya-serviced-residences-tianta-tianjin/?cityId=3&checkIn=2022-01-22&checkOut=2022-01-23&adult=2&children=0&crn=1&ages=&travelpurpose=0&curr=USD&link=title&hoteluniquekey=H4sIAAAAAAAAAONawcjFK8Fk8B8GGIWYOBilJjFybH165BqzBYsjAwg0VDt4ghkL6h0CeCYxSnLCeIJgRkGNgxMrxyo7CZYZjH-n9ytuZIRoC3DYwch0gtF1AdOsuacVdzFB1BwC0hM5JFhOMTFcYmK4xcTwiInhFRPDJyaGX1AVTcwMXcwMk5gh6mYxMyxiZhBiBTtJSsEkzdjCMDnNzNzYMNnEMCU50cQ4zcTU0sIsMTHNxCjNQIFbo2Huyn42IwYrZilGNw_GIDYnCws3E_MoGS5mZ79IiJMZPthLMYcGuyhaF5zruBQn6ZDEmpqnGxqccZejgLGLkU2A0YMxgnEVIwMA5ksbGyMBAAA"|"Himalaya Serviced Residences Tianta Tianjin"|"Tianjin"|"69"|"4.8"|"Intersection of Weijin South Road and Tianta Road, Tianjin, China"|"[""https://ak-d.tripcdn.com/images/02019120008dg3yzaBE41_R_600_400_R5_D.jpg_.webp"", ""https://ak-d.tripcdn.com/images/0204n1200097m37x8D32D_R_800_525_R5_D.jpg"", ""https://ak-d.tripcdn.com/images/0204e120008dn9ds3461B_R_800_525_R5_D.jpg""]"|"Wi-Fi in designated areasAirport pickup serviceRestaurantNon-smoking floorFront desk (24 hours)"|"Opened: 2020 The Himalaya Serviced Residences Tianta Tianjin was recently opened in 2020, making it a fantastic choice for those staying in Tianjin."|"trip.com"
"https://us.trip.com/hotels/tianjin-hotel-detail-1214268/pan-pacific-tianjin/?cityId=3&checkIn=2022-01-22&checkOut=2022-01-23&adult=2&children=0&crn=1&ages=&travelpurpose=0&curr=USD&link=title&hoteluniquekey=H4sIAAAAAAAAAOOaxMjFK8Fk8B8GGIWYOBilajk29T7uZ3FkAIED9Q6eMEYAzyRGSU4YT_DsGSD4U-XgxMpx0k6CZQbjnj6vFYyMOxiZTjAGLGA60Oe1iwkidYiJ4RQTwyUmhltMDI-YGF4xMXxiYvgFlWxiZuhiZpjEzDCLmWERM4MQK9h2KQWTNGMLw-Q0M3Njw2QTw5TkRBPjNBNTSwuzxMQ0E6M0AwVujYa5K_vZjBismKUY3TwYg9gMLB3NzCyjZLiYnf0iBcEOZfhgL8UcGuyiaF1wruNSnKRDEmtqnm5ocMZdjgLGLkY2AUYPxgjGVYwMAK3SYD4NAQAA"|"Pan Pacific Tianjin"|"Tianjin"|"80"|"4.7"|"No.1 Zhangzizhong Road, Tianjin, 300091, China"|"[""https://ak-d.tripcdn.com/images/022281200084aa43m6F05_R_600_400_R5_D.jpg_.webp"", ""https://ak-d.tripcdn.com/images/02040120008np03ybC95B_R_800_525_R5_D.jpg"", ""https://ak-d.tripcdn.com/images/200u0c00000066ylz10E6_R_800_525_R5_D.jpg""]"|"Wi-Fi in designated areasAirport pickup serviceRestaurantCaféNon-smoking floor"|"Opened: 2014 Forming an integral part of The Esplanade development and located strategically on the Haihe River，Pan Pacific Hotel and Serviced Suites Tianjin is ideal for business or leisure.Experience modern guest rooms,impressive meetings and events space and refreshing facilities."|"trip.com"
"https://us.trip.com/hotels/tianjin-hotel-detail-446065/banyan-tree-tianjin-riverside/?cityId=3&checkIn=2022-01-22&checkOut=2022-01-23&adult=2&children=0&crn=1&ages=&travelpurpose=0&curr=USD&link=title&hoteluniquekey=H4sIAAAAAAAAAONazsjFK8Fk8B8GGIWYOBilJjJyrL78fy2LIwMISDQ4eIIZB5ocAngmMUpywniCYMaDegcnVo5N7BJMMxg_zpFewci4kREs4RDqsIOR6QRj4AKmizeldjFBFB0C0oe5JFhOMTFcYmK4xcTwiInhFRPDJyaGX1AVTcwMXcwMk5gh6mYxMyxiZhBiBbtISsEkzdjCMDnNzNzYMNnEMCU50cQ4zcTU0sIsMTHNxCjNQIFbo2Huyn42IwYrZilGNw_GIDZXYydHM8MoGS5mZ79IiJsZPthLMYcGuyhaF5zruBQn6ZDEmpqnGxqccZejgLGLkU2A0YMxgnEVIwMA174dKiIBAAA"|"Banyan Tree Tianjin Riverside"|"Tianjin"|"81"|"4.7"|"No.34 Haihe East Road, Tianjin, 300010, China"|"[""https://ak-d.tripcdn.com/images/02046120008xi3bu6EE3C_R_600_400_R5_D.jpg_.webp"", ""https://ak-d.tripcdn.com/images/fd/hotel/g4/M0A/C7/6A/CggYHFbCurmANtznAAczmT5Ogn4091_R_800_525_R5_D.jpg"", ""https://ak-d.tripcdn.com/images/200s0q000000gsxhkA98B_R_800_525_R5_D.jpg""]"|"Wi-Fi in designated areasAirport pickup serviceRestaurantCaféBar"|"Opened: 2013 The Banyan Tree Tianjin Riverside (Tianjin Haihe Yuerongzhuang) is a 12-minute drive from Tianjin West Railway Station, 14-minutes' drive from Tianjin Railway Station and a 32-minute drive from the Tianjin Binhai International Airport. Tianjin Ancient Cultural Street is right around the corner at only 14 minutes away.

 Dining choices include Chinese and Western restaurants. Room service is also available. Business travelers will find meeting facilities and a business center at their disposal. The hotel offers Wi-Fi access in public areas and free parking.

 When you get some free time you can take a refreshing dip in the pool, burn off some calories at the gym, blow off steam in the sauna or pamper yourself at the massage center."|"trip.com"
"https://us.trip.com/hotels/chongqing-hotel-detail-44166796/the-move-river-view-hotel-chongqing-jiefangbei-hongyadong/?cityId=4&checkIn=2022-01-22&checkOut=2022-01-23&adult=2&children=0&crn=1&ages=&travelpurpose=0&curr=USD&link=title&hoteluniquekey=H4sIAAAAAAAAAOOaysTFK8Fk8B8GGIWYOBil_jNy7Nz26xejxa0IRwYwiHTwBNMH4hwCeArBzAYvh0bGs2eAYI2rwyTGeE6IyjQHQTAtkOSg5MJx8VUTkwCbxOe-qZIKjJowfYYwhsVbRkeYEZ4wRhArx0E2CZYoNo7fU1kkOJxYOa6LSrDMYOy52y66gpFxIyPEInOHHYxMJxgFFjBNBErsYoIoOwSkXzFJsJxiYrjExHCLieERE8S4V0wMn5igRv6CKm5iZuhiZpjEDNEyixmichEzgxAr2P9SCkYmSQYWqcnmiWnGqSbm5omJJkZGFsapRpYpqSlJBpbGCtwaT-et7GczYrBilmJ082AMYnMxMbF0NIyS4WJ29ouEhAXDB3sp5tBgF0XrgnMdl-IkHZJYU_N0Q4Mz7nIUMHYxsgkwejBGMK5iZAAAf85w6ZABAAA"|"The Move River View Hotel (Chongqing Jiefangbei Hongyadong)"|"Chongqing"|"16"|"4.7"|"20/f, Peninsula International Business Building, 50 Zourong road, Chongqing, China"|"[""https://ak-d.tripcdn.com/images/02013120008jdij5u69C5_R_600_400_R5_D.jpg_.webp"", ""https://ak-d.tripcdn.com/images/0204t120008gut2ku042F_R_800_525_R5_D.jpg"", ""https://ak-d.tripcdn.com/images/200n1b000001ag58g6FFD_R_800_525_R5_D.jpg""]"|"Wi-Fi in designated areasAirport pickup serviceRestaurantCaféNon-smoking floor"|"Opened: 2019 Opened in 2019, the Move River View Hotel (Chongqing Jiefangbei Hongyadong) is a great accommodation choice in Chongqing."|"trip.com"
"https://us.trip.com/hotels/chongqing-hotel-detail-33344529/the-lixury-hotel-chongqing-in-the-unbound-collection-by-hyatt/?cityId=4&checkIn=2022-01-22&checkOut=2022-01-23&adult=2&children=0&crn=1&ages=&travelpurpose=0&curr=USD&link=title&hoteluniquekey=H4sIAAAAAAAAAOPawMjFK8Fk8B8GGIWYOBilZjFybJzzvZ_FkQEEHsx08AQzdOY5BPBMYpTihPEE00Bg6UwHJzaOt28ZJVhmME6c8Zl_BSPjRkawGoNChx2MTAcYmU4wtjItYJoElNzFBFV7iImV452iBMspJoZLTAy3mBgeMTG8YmL4xMTwC6akiZmhi5lhEjNE4SxmhkXMDEKsYKdJKRiZJBlYpCabJ6YZp5qYmycmmhgZWRinGlmmpKYkGVgaK3BrPJ23sp_NiMGKWYrRzYMxiM3Y0MzI0jJKhovZ2S9SEOxChg_2UsyhwS6K1gXnOi7FSToksabm6YYGZ9zlKGDsYmQTYPRgjGBcxcgAADSsHzYrAQAA"|"The Lixury Hotel Chongqing, in The Unbound Collection by Hyatt"|"Chongqing"|"261"|"4.7"|"69F, World Financial Center, No.188 Minzu Road, Chongqing, China"|"[""https://ak-d.tripcdn.com/images/02048120003ochi674B91_R_600_400_R5_D.jpg_.webp"", ""https://ak-d.tripcdn.com/images/200r1e000001fiag60C97_R_800_525_R5_D.jpg"", ""https://ak-d.tripcdn.com/images/200w1e000001fpwia04A0_R_800_525_R5_D.jpg""]"|"Wi-Fi in designated areasAirport pickup serviceRestaurantBarNon-smoking floor"|"Opened: 2019 Conveniently located in the city’s center, The Lixury Hotel, Chongqing is nestled in the dynamic business, shopping and entertainment district. The hotel embodies luxury and refined hospitality, continually bringing timeless elegance of The Lixury Hotel to Chongqing and creating luxury experiences. Private heavens of exceptional quality, all 174 guestrooms and suites welcome guests with a warm neutral palette and stylish interiors. Ranging in size from a spacious 45 m² for the Deluxe Room to a luxurious 180 m² for the Ambassador Suite, accommodation at The Lixury Hotel is designed to inspire. While the generously-sized work desk is suited to business executives, leisure travelers will appreciate the modern furnishings and panoramic views over the city."|"trip.com"
"https://us.trip.com/hotels/chongqing-hotel-detail-6424389/lavande-hotel-chongqing-jiefangbei-center-pedestrian-street/?cityId=4&checkIn=2022-01-22&checkOut=2022-01-23&adult=2&children=0&crn=1&ages=&travelpurpose=0&curr=USD&link=title&hoteluniquekey=H4sIAAAAAAAAAOPay8TFK8Fk8B8GGIWYOBilljNxrGj5PI3Z4lmQIwMIPEhw8AQzElIcAngKwcwGb4dGRjDrgLfDJMZuRk4wxyHbQRDMUEh3UNLh-LnpKpeAisTs7b_FFTgsLjBBzGtQgpoHZAQxRLFyfC-U4FBy4jjx4BurAJfE8tkTeBQYNWHWGMIYFgoQ7QruUO1ARhALR5gEUxQbx_WdLBIcTqwcb6UkWGYwHu3rYN4IcR6DjcMORqYTjKILmJqfL5fdxQRRcwhIH2CWYDnFxHCJieEWE8MjJrBRr5gYPjGxcZxbzSrB8QuqtomZoYuZYRIzRMcsZrDCRcwMQqzgcJJSMDJJMrBITTZPTDNONTE3T0w0MTKyME41skxJTUkysDRW4NZ4Om9lP5sRgxWzFKObB2MQm6ujgaWRZZQMF7OzXyQkyBg-2Esxhwa7KFoXnOu4FCfpkMSamqcbGpxxl6OAsYuRTYDRgzGCcRUjAwB0W9kHuAEAAA"|"Lavande Hotel (Chongqing Jiefangbei Center Pedestrian Street)"|"Chongqing"|"21"|"4.6"|"No.18 Qingnian Road, Chongqing, China"|"[""https://ak-d.tripcdn.com/images/20091f000001g96vc59E3_R_600_400_R5_D.jpg_.webp"", ""https://ak-d.tripcdn.com/images/200v0c0000006omes88A5_R_800_525_R5_D.jpg"", nil]"|"Wi-Fi in designated areasRestaurantCaféNon-smoking floorFront desk (24 hours)"|"Opened: 2018 The Lavande Hotel (Chongqing Jiefangbei Center Pedestrian Street) is an ideal spot for travelers wanting to discover the city. The Lavande Hotel (Chongqing Jiefangbei Center Pedestrian Street) is an ideal choice for travelers who want to take in the sights and sounds of Chongqing."|"trip.com"
"https://us.trip.com/hotels/chongqing-hotel-detail-1545267/howard-johnson-xiushan-plaza-chongqing/?cityId=684997&checkIn=2022-01-22&checkOut=2022-01-23&adult=2&children=0&crn=1&ages=&travelpurpose=0&curr=USD&link=title&hoteluniquekey=H4sIAAAAAAAAAON6xMjFK8Fk8B8GGIWYOBilzjBydK95Z-fIAAIXihw8IYxShwCeRsagHXKtrw31HSYxenDCxAWNQaC-2EFJl-PHw0YeARWJPytuyyhwWFxgcoRp8IQxghii2Dj6DzBKcDixcvzTkmCZwbh5RdxGRrBpDB4OOxiZTjDqL2D6Ni99FxNExSEg_Z1VguUUE8MlJoZbTAyPmBheMTF8YoIa9AuqromZoYuZYRIzRPUsZoZFzAxCLCDPSCkYmSQZWKQmmyemGaeamJsnJpoYGVkYpxpZpqSmJBlYGitwazydt7KfzYjBilmK0c2DMYjN1NDAxNIgSoaL2dkvUhDivg_2UsyhwS6K1gXnOi7FSToksabm6YYGZ9zlKGDsYmQTYPRgjGBcxcgAAFOzLOZcAQAA"|"Howard Johnson Xiushan Plaza Chongqing"|"Chongqing"|"47"|"4.6"|"No.180 North Section of Huangyang Avenue, Xiushan County, 409900, Chongqing, China"|"[""https://ak-d.tripcdn.com/images/fd/hotel/g2/M00/02/43/CghzgFUEMrKAfdfAAAlx5XHKlmY080_R_600_400_R5_D.jpg_.webp"", ""https://ak-d.tripcdn.com/images/20061e000001fij7pBAA8_R_800_525_R5_D.jpg"", ""https://ak-d.tripcdn.com/images/200u1e000001fhvu1564B_R_800_525_R5_D.jpg""]"|"Wi-Fi in designated areasRestaurantCaféNon-smoking floorFront desk (24 hours)"|"Opened: 2014 The Howard Johnson Xiushan Plaza Chongqing is an ideal spot for travelers wanting to discover the city. Visitors to Xiushan County will find that the Howard Johnson Xiushan Plaza Chongqing is a fantastic accommodation choice."|"trip.com"
"https://us.trip.com/hotels/chongqing-hotel-detail-386932/sheraton-chongqing-hotel/?cityId=4&checkIn=2022-01-22&checkOut=2022-01-23&adult=2&children=0&crn=1&ages=&travelpurpose=0&curr=USD&link=title&hoteluniquekey=H4sIAAAAAAAAAONazMjFK8Fk8B8GGIWYOBilehk5zl6-wuvIAAILGhw8wYyEZocAnkmMkpwwnqAxCNxucHBi5VjvI8Eyg_HLOfGNjGBphjCHHYxMJxhDFjBtOy-7iwmi4hCQ_sAlwXKKieESE8MtJoZHTAyvmBg-MTH8gqpoYmboYmaYxAxRN4uZYREzgxALyDVSCkYmSQYWqcnmiWnGqSbm5omJJkZGFsapRpYpqSlJBpbGCtwaT-et7GczYrBilmJ082AMYjM1MDR0soiS4WJ29osUhLjsg70Uc2iwi6J1wbmOS3GSDkmsqXm6ocEZdzkKGLsY2QQYPRgjGFcxMgAArUu3Yx0BAAA"|"Sheraton Chongqing Hotel"|"Chongqing"|"84"|"4.5"|"No.78 Nanbin Road, Chongqing, 400060, China"|"[""https://ak-d.tripcdn.com/images/200j16000000yw8k9FF61_R_600_400_R5_D.jpg_.webp"", ""https://ak-d.tripcdn.com/images/200r1c000001d53fc564C_R_800_525_R5_D.jpg"", ""https://ak-d.tripcdn.com/images/0203f120008p0kjt0D675_R_800_525_R5_D.jpg""]"|"Wi-Fi in designated areasAirport pickup serviceRestaurantNon-smoking floorCurrency exchange"|"Opened: 2011 The Sheraton Chongqing Hotel (Chongqing Xilaideng Dajiudian) is conveniently situated on Nanbin Road in the heart of the new entertainment and commercial district of Nan'an, along the Yangtze River. This Chongqing hotel is within easy access to Chongqing Jiangbei International Airport and near one of Chongqing's important landmarks, The People's Liberation Monument.  This landmark twin tower design, with its striking glass exterior, has stylish interior décor blending traditional Chinese elements with elegant European style. The 404 inviting guestrooms and oversized suites are luxurious with familiar Sheraton touches everywhere, including the signature Sheraton Sweet Sleeper™ bed to ensure a good night's rest. The signature 80-square-meter Premier Rooms are unique with stunning views of the Yangtze. For superior comfort, the Executive Level offers access to the Executive Lounge, where you can enjoy breakfast and evening cocktails.  For exotic dining, guests can pay a visit to Sappori Italian Kitchen for modern, authentic entrees or they can experience the exciting Sheraton dining concept at Feast, a vibrant restaurant featuring culinary delights from around the world. The 24-hour in-room dining service would be happy to bring a delicious meal to guests' anytime.  The fully-equipped Business Center will ensure that guests stay on top of business during their stay.An extensive range of 14 meeting rooms totaling 2,256 square meters of space caters to even the largest event.  Guests can relax and recharge in the comforts of the hotel's health club and spa facilities in their free time, or enjoy views of the city from the swimming pool, which is heated in the winter."|"trip.com"
"https://us.trip.com/hotels/harbin-hotel-detail-54596328/habsburg-hotel/?cityId=5&checkIn=2022-01-22&checkOut=2022-01-23&adult=2&children=0&crn=1&ages=&travelpurpose=0&curr=USD&link=title&hoteluniquekey=H4sIAAAAAAAAAONaw8jFK8Fk8B8GGIWYOBilpjFyvJowYTWLRTO7IwMISLQ6eIIZDh0OATyTGCU5YTxBMGNBi4MTK8fpeAmWGYwvlrZIbWSEyEc67GBkOsDIeIIxawHT8dOz5HYxQZQdAtJ7eCRYTjExXGJiuMXE8IiJ4RUTwycmhl9QFU3MDF3MDJOYIepmMTMsYmYQYgU7S0ohNTklOdHQ3MLIwsLcJC3FzMLI0NLQJM3M2NQo2TLV0kCBW2PfgpX9bEYMVsxSjG4ejEFsLi5GluYWUTJczM5-kRBXM3ywl2IODXZRtC4413EpTtIhiTU1Tzc0OOMuRwFjFyObAKMHYwTjKkYGAJ1cBIMnAQAA"|"Habsburg Hotel"|"Harbin"|"106"|"4.8"|"No.184，Youyi Road, Harbin, Heilongjiang, China"|"[""https://ak-d.tripcdn.com/images/0200y120008az2kr3B2C1_R_600_400_R5_D.jpg_.webp"", ""https://ak-d.tripcdn.com/images/0201e120008aytho1EB04_R_800_525_R5_D.jpg"", ""https://ak-d.tripcdn.com/images/200c1b000001c1dsaA5A9_R_800_525_R5_D.jpg""]"|"Wi-Fi in designated areasAirport pickup serviceRestaurantCaféBar"|"Opened: 2019 The Habsburg Hotel is one of the newest hotels in Harbin, having opened in 2019."|"trip.com"
"https://us.trip.com/hotels/harbin-hotel-detail-53903901/yabuli-liangqi-qingyun-homestay/?cityId=2966&checkIn=2022-01-22&checkOut=2022-01-23&adult=2&children=0&crn=1&ages=&travelpurpose=0&curr=USD&link=title&hoteluniquekey=H4sIAAAAAAAAAOOawsTFK8Fk8B8GGIWYOBil_jFy_L-1_xGTxa0IRwYQmFDp4Alh1DkE8BSCmQfiHBoZwSyGKIdJjHGcYKZCs4MgmOHQ4KDkzPH78z9uATaJC6uuyigwasL0GcIYFqyOMBM8YYwgVo6DjBJMUWwcvQ2MEmxOrBwbvSVYZjDObbkluRFqYYjDDkbmA4zMJxgdFzAtBkrsYoIoOwSkX3NKsJxiYrjExHCLieERE8S4V0wMn5igRv6CKm5iZuhiZpjEDNEyixmichEzgxAr2PtSCqnJKcmJhuYWRhYW5iZpKWYWRoaWhiZpZsamRsmWqZYGCtwa-xas7GczYrBilmJ082AMYjM2cTYwMY-S4WJ29ouEBAXDB3sp5tBgF0XrgnMdl-IkHZJYU_N0Q4Mz7nIUMHYxsgkwejBGMK5iZAAATkF5Wo8BAAA"|"yabuli Liangqi qingyun  homestay"|"Harbin"|"70"|"4.8"|"Dongsan Street, Qingyun Small Town, Yabuli Tourist Resort, Shangzhi, Heilongjiang, China"|"[""https://ak-d.tripcdn.com/images/020251200095a8zhs7508_R_600_400_R5_D.jpg_.webp"", ""https://ak-d.tripcdn.com/images/0204012000958vn111084_R_800_525_R5_D.jpg"", nil]"|"Wi-Fi in designated areasAirport pickup serviceRestaurantFront desk (24 hours)Wake-up call"|"Opened: 2019 Opened in 2019, the yabuli Liangqi qingyun homestay offers travelers a pleasant stay in Shangzhi, whether for business or leisure purposes."|"trip.com"
"https://us.trip.com/hotels/harbin-hotel-detail-7458739/humble-house-inn/?cityId=2966&checkIn=2022-01-22&checkOut=2022-01-23&adult=2&children=0&crn=1&ages=&travelpurpose=0&curr=USD&link=title&hoteluniquekey=H4sIAAAAAAAAAOPqYuLilWAy-A8DjEJMHIxSXxg5LvR_lXNkAAGFRAdPMKMhxSGApxDMZHB1aGTkur64wPaVg8MkxlhOsOCBTAfBs2eAQCXVQcmJY8WLc9wCbBIfmvZIKzBqwvQZwhgWrI4wEzxhjCAWDkcJpig2jpsLmCU4nFg5NkhKsMxg3Dz_OPNGRohGa4cdjEwnGMUWMO0Aiu5igqg5BKRXMEuwnGJiuMTEcIuJ4RET2KhXTAyfmKDG_YKqbWJm6GJmmMQM0TGLGaxwETODEAvI01IKqckpyYmG5hZGFhbmJmkpZhZGhpaGJmlmxqZGyZaplgYK3Br7FqzsZzNisGKWYnTzYAxic7a0NDA3iZLhYnb2ixSEOPSDvRRzaLCLonXBuY5LcZIOSaypebqhwRl3OQoYuxjZBBg9GCMYVzEyAABFLsR6hAEAAA"|"Humble House Inn"|"Harbin"|"22"|"4.8"|"No.18 Jinpai Avenue, Shangzhi, Heilongjiang, China"|"[""https://ak-d.tripcdn.com/images/200k0f0000007ev767F4A_R_600_400_R5_D.jpg_.webp"", ""https://ak-d.tripcdn.com/images/220m1b000001bcggqA1A7_R_800_525_R5_D.jpg"", nil]"|"Wi-Fi in designated areasAirport pickup serviceRestaurantCaféFront desk (24 hours)"|"Opened: 2016 Renovated in 2020, the Humble House Inn is a great choice for accommodation in Shangzhi."|"trip.com"
"https://us.trip.com/hotels/harbin-hotel-detail-80314424/yabuli-qiuguo-hot-spring-ski-resort-villa/?cityId=2966&checkIn=2022-01-22&checkOut=2022-01-23&adult=2&children=0&crn=1&ages=&travelpurpose=0&curr=USD&link=title&hoteluniquekey=H4sIAAAAAAAAAONaw8jFK8Fk8B8GGIWYOBilpjFyTLi0fTKLxa0IRwYwiHXwBNMLEhwCeCYxSnLCeIJghkKMgxMrx0YBCZYZjDsalqmtYGTcyAjRaeiwg5HpBKPQAqZdzcvUdjFBlB0C0pOYJFhOMTFcYmK4xcTwiInhFRPDJyaGX1AVTcwMXcwMk5gh6mYxMyxiZhBiBTtLSiE1OSU50dDcwsjCwtwkLcXMwsjQ0tAkzczY1CjZMtXSQIFbY9-Clf1sRgxWzFKMbh6MQWzGJpZGLmZRMlzMzn6REFczfLCXYg4NdlG0LjjXcSlO0iGJNTVPNzQ44y5HAWMXI5sAowdjBOMqRgYA6y_IiicBAAA"|"Yabuli Qiuguo hot Spring ski resort villa"|"Harbin"|"18"|"5"|"青云小镇西四街8号别墅, Shangzhi, Heilongjiang, China"|"[""https://ak-d.tripcdn.com/images/0206q1200095r111nA223_R_600_400_R5_D.jpg_.webp"", ""https://ak-d.tripcdn.com/images/0202u1200095tebaj75BE_R_800_525_R5_D.jpg"", nil]"|"Wi-Fi in designated areasRestaurantFront desk (24 hours)Wake-up callLuggage storage"|"Opened: 2021 Opened in 2021, the Yabuli Qiuguo hot Spring ski resort villa offers travelers a pleasant stay in Shangzhi, whether for business or leisure purposes."|"trip.com"
"https://us.trip.com/hotels/harbin-hotel-detail-2670932/aoluguya-hotel/?cityId=5&checkIn=2022-01-22&checkOut=2022-01-23&adult=2&children=0&crn=1&ages=&travelpurpose=0&curr=USD&link=title&hoteluniquekey=H4sIAAAAAAAAAOOazMTFK8Fk8B8GGIWYOBil_jJyLPw-Vc6RAQQ6mh08wYwPHQ4BPIVg5oIGh0bGs2eA4E2twyTGeE6w6IkpDoJgxpZJDkrOHJOvnWMRYJPY0PGaQ4FRE6bPEMawYHWEmeAJYwSxchxxlGCJYuM436knweHExvFyMaMEywzGK02LGTcyQrSmOuxgZDrAyHiCMWkBU0vLYsZdTFB1h5hYOdaLSrCcYmK4xMRwi4nhERPEwFdMDJ-YoIb-gqluYmboYmaYxAzRM4sZonQRM4MQC8j3UgqpySnJiYbmFkYWFuYmaSlmFkaGloYmaWbGpkbJlqmWBgrcGvsWrOxnM2KwYpZidPNgDGIzNTR3MXSJkuFidvaLhAQGwwd7KebQYBdF64JzHZfiJB2SWFPzdEODM-5yFDB2MbIJMHowRjCuYmQAAEa_ch6NAQAA"|"AOLUGUYA Hotel"|"Harbin"|"98"|"4.8"|"800 Chuangxin 3rd Road (Chuangxin San Lu), Harbin, 150000, Heilongjiang, China"|"[""https://ak-d.tripcdn.com/images/0202u1200095afx0aD897_R_600_400_R5_D.jpg_.webp"", ""https://ak-d.tripcdn.com/images/200i0n000000ecjy9565D_R_800_525_R5_D.jpg"", ""https://ak-d.tripcdn.com/images/200h0e00000077jwn3A50_R_800_525_R5_D.jpg""]"|"Wi-Fi in designated areasAirport shuttle serviceAirport pickup serviceRestaurantCafé"|"Opened: 2019 The AOLUGUYA Hotel is a great choice for guests looking for accommodation in Harbin, having been recently opened in 2019."|"trip.com"
"https://us.trip.com/hotels/dalian-hotel-detail-779068/atour-hotel-dalian-railway-station/?cityId=6&checkIn=2022-01-22&checkOut=2022-01-23&adult=2&children=0&crn=1&ages=&travelpurpose=0&curr=USD&link=title&hoteluniquekey=H4sIAAAAAAAAAONay8jFK8Fk8B8GGIWYOBilpjNyXJh-6w-zwXJ-RwYQOJDp4AlmLMh1COCZxCjJCeMJpoGAXqaDEyvHTFkJlhmMe47pr2Bk3MgIVsFg77CDkekAI-MJRoUFTAd3Be1igqg7BKSfM0uwnGJiuMTEcIuJ4RETwysmhk9MDL-gKpqYGbqYGSYxQ9TNYmZYxMwgxAp2l5RConlqopFhkomZubmlSaJBalKSWZqFkUmyoZGZhaWBqaUCt8aBRSv72YwYrJilGN08GIPYzM2cTJwdo2S4mJ39IgUhrvtgL8UcGuyiaF1wruNSnKRDEmtqnm5ocMZdjgLGLkY2AUYPxgjGVYwMAEdXTnUoAQAA"|"Atour Hotel (Dalian Railway Station)"|"Dalian"|"34"|"4.9"|"No.271 Changjiang Road, Dalian, 116001, Liaoning, China"|"[""https://ak-d.tripcdn.com/images/02042120008xcs3b3D990_R_600_400_R5_D.jpg_.webp"", ""https://ak-d.tripcdn.com/images/0206e1200099b8x244764_R_800_525_R5_D.jpg"", ""https://ak-d.tripcdn.com/images/200k1700000125tasA427_R_800_525_R5_D.jpg""]"|"Wi-Fi in designated areasRestaurantNon-smoking floorFront desk (24 hours)Wake-up call"|"Opened: 2017 The Dalian Post Hotel (Dalian Youzheng Binguan) is a three-star hotel located in the bustling area of Dalian, just a few miles to the south of Qingniwa business district and to the east of Victory Square commercial area.  This Dalian hotel covers an area of 11,639 square meter and houses many rooms equipped with digital TVs, smart locks, safety system, broadband internet access, individually controlled air conditioning, mini refrigerator and phones. ""Yaduo reassurance project"" has been implemented. The hotel uses disposable cleaning cloth to clean the room. The cleaning personnel are equipped with ""pinhole camera detector"". All rooms are equipped with alcohol cotton chips, reassurance bathrobes and degradable paper cups. Adhere to the principle of ""one customer, one change"" for all items, and carefully provide you with a safe home outside your home to ensure your safety.  Dining options include two banquet halls, on-site restaurants and 13 private dining rooms, with a total dining capacity of 500 persons.  Business travelers may take advantage of the well-appointed conference rooms."|"trip.com"
"https://us.trip.com/hotels/dalian-hotel-detail-1614065/hampton-by-hilton-dalian-zhongshan/?cityId=6&checkIn=2022-01-22&checkOut=2022-01-23&adult=2&children=0&crn=1&ages=&travelpurpose=0&curr=USD&link=title&hoteluniquekey=H4sIAAAAAAAAAONaycjFK8Fk8B8GGIWYOBilJjNy_Ole9ZPRkQEECkodPMGMBxUOATyTGCU5YTzBs2eAQKXUwYmVo9lQgmUG48eDSSsYGTcyglU0eDvsYGQ6wMh4gtFsAdO86F1MEGWHgPQjNgmWU0wMl5gYbjExPGJieMXE8ImJ4RdURRMzQxczwyRmiLpZzAyLmBmEWMFuklJINE9NNDJMMjEzN7c0STRITUoyS7MwMkk2NDKzsDQwtVTg1jiwaGU_mxGDFbMUo5sHYxCbsaWhuZtjlAwXs7NfpCDYcQwf7KWYQ4NdFK0LznVcipN0SGJNzdMNDc64y1HA2MXIJsDowRjBuIqRAQDvt8jJJAEAAA"|"Hampton by Hilton Dalian Zhongshan"|"Dalian"|"54"|"4.9"|"No.223 Jiefang Road, Dalian, 116001, Liaoning, China"|"[""https://ak-d.tripcdn.com/images/200317000001125gsDF5B_R_600_400_R5_D.jpg_.webp"", ""https://ak-d.tripcdn.com/images/200t170000010tafa0651_R_800_525_R5_D.jpg"", ""https://ak-d.tripcdn.com/images/200519000001659ul912F_R_800_525_R5_D.jpg""]"|"Wi-Fi in designated areasNon-smoking floorCurrency exchangeFront desk (24 hours)Wake-up call"|"Opened: 2019 The Hampton by Hilton Dalian Zhongshan is a great choice for guests looking for accommodation in Dalian, having been recently opened in 2019."|"trip.com"
"https://us.trip.com/hotels/dalian-hotel-detail-77235095/atour-s-hotel-dalian-xinghai-square/?cityId=6&checkIn=2022-01-22&checkOut=2022-01-23&adult=2&children=0&crn=1&ages=&travelpurpose=0&curr=USD&link=title&hoteluniquekey=H4sIAAAAAAAAAOPaxMjFK8Fk8B8GGIWYOBil5jByfF3bOJXFYDm_xa0IRwYQUChw8AQzJhQ5BPBMYpTkhPEE00CgL9_BiZXjtIoEywzG6e2vVFYwMm5kBCtpcHbYwch0gJHxBKPmAqZVQLldTBCVh4D0YxYJllNMDJeYGG4xMTxiYnjFxPCJieEXVEUTM0MXM8MkZoi6WcwMi5gZhFjBjpNSSDRPTTQyTDIxMze3NEk0SE1KMkuzMDJJNjQys7A0MLVU4NY4sGhlP5sRgxWzFKObB2MQm6mFm5uTS5QMF7OzX6Qg2HkMH-ylmEODXRStC851XIqTdEhiTc3TDQ3OuMtRwNjFyCbA6MEYwbiKkQEA2ELeWS0BAAA"|"Atour S Hotel Dalian Xinghai Square"|"Dalian"|"43"|"4.9"|"No.29 Xinghe Road, Dalian, Liaoning, China"|"[""https://ak-d.tripcdn.com/images/0200r120008y43psk7CF3_R_600_400_R5_D.jpg_.webp"", ""https://ak-d.tripcdn.com/images/0203x120008qpomrf05C6_R_800_525_R5_D.jpg"", ""https://ak-d.tripcdn.com/images/0203m120008qps1e1002A_R_800_525_R5_D.jpg""]"|"Wi-Fi in designated areasAirport pickup serviceRestaurantCaféNon-smoking floor"|"Opened: 2021 The Atour S Hotel Dalian Xinghai Square is one of the newest hotels in Dalian, having opened in 2021."|"trip.com"
"https://us.trip.com/hotels/dalian-hotel-detail-72915801/zhuanghe-atour-hotel/?cityId=1646&checkIn=2022-01-22&checkOut=2022-01-23&adult=2&children=0&crn=1&ages=&travelpurpose=0&curr=USD&link=title&hoteluniquekey=H4sIAAAAAAAAAOOax8jFK8Fk8B8GGIWYOBilOhg5bk2Z8JfZYDm_xa0IRwYQaCh08IQxAngmMUpywniCYMaBXAcnVo79ShIsMxhvbnuktIKRcQcj0wFGxhOMOguYHgNFdjFB5A8xMZxiYrjExHCLieERE8MrJoZPTAy_oJJNzAxdzAyTmBlmMTMsYmYQYgU7REoh0Tw10cgwycTM3NzSJNEgNSnJLM3CyCTZ0MjMwtLA1FKBW-PAopX9bEYMVsxSjG4ejEFsLqYmjk7OUTJczM5-kRBHMnywl2IODXZRtC4413EpTtIhiTU1Tzc0OOMuRwFjFyObAKMHYwTjKkYGAB901q4ZAQAA"|"Zhuanghe Atour Hotel"|"Dalian"|"59"|"4.9"|"No. 406, Section 1, Huanghai Street, Zhuanghe, Liaoning, China"|"[""https://ak-d.tripcdn.com/images/0205k120008k2krbl2A26_R_600_400_R5_D.jpg_.webp"", ""https://ak-d.tripcdn.com/images/0206q120008k2y7z8060E_R_800_525_R5_D.jpg"", ""https://ak-d.tripcdn.com/images/0205k120008k2yi5k17C9_R_800_525_R5_D.jpg""]"|"Wi-Fi in designated areasRestaurantNon-smoking floorFront desk (24 hours)Wake-up call"|"Opened: 2021 Opened in 2021, the Zhuanghe Atour Hotel is a great accommodation choice in Zhuanghe."|"trip.com"
"https://us.trip.com/hotels/dalian-hotel-detail-429213/new-world-dalian-hotel/?cityId=6&checkIn=2022-01-22&checkOut=2022-01-23&adult=2&children=0&crn=1&ages=&travelpurpose=0&curr=USD&link=title&hoteluniquekey=H4sIAAAAAAAAAOOayMTFK8Fk8B8GGIWYOBilfjNybH3Yn2gwjcORAQQ21Dh4ghkBjQ4BPIVgZkOMQyOjZkz_oa8SEQ6TGOM4waIPWhwEwYwdjQ5Kzhwv3k3gEeCSuP_9j4wCoyZMnyGMYaHgCDPBE8YIYuX4zyvBEsXGsWQxpwSHEyvHkiAJlhmMc2dKrWBk3MgI1nsg3GEHI9MJRo8FTNvWSe1igig6BKRvc0uwnGJiuMTEcIuJ4RETxLBXTAyfmKAG_oIqbmJm6GJmmMQM0TKLGaJyETODEAvI71IKieapiUaGSSZm5uaWJokGqUlJZmkWRibJhkZmFpYGppYK3BoHFq3sZzNisGKWYnTzYAxiMzVzMzV1i5LhYnb2i4SEA8MHeynm0GAXReuCcx2X4iQdklhT83RDgzPuchQwdjGyCTB6MEYwrmJkAADoHHy3iwEAAA"|"New World Dalian Hotel"|"Dalian"|"75"|"4.7"|"No.41 Renmin Road, Dalian, 116001, Liaoning, China"|"[""https://ak-d.tripcdn.com/images/0226w1200084ac8yx3127_R_600_400_R5_D.jpg_.webp"", ""https://ak-d.tripcdn.com/images/0226d120008edjv4fE60D_R_800_525_R5_D.jpg"", ""https://ak-d.tripcdn.com/images/200n0v000000jswzxBDA7_R_800_525_R5_D.jpg""]"|"Wi-Fi in designated areasAirport pickup serviceRestaurantCaféBar"|"Opened: 2009 With a superb central location in the heart of Dalian, three kilometres from the train station, 20-minute drive away from Zhou Shui Zi International Airport and only steps away from main offices of many overseas corporations. New World Dalian Hotel is the newest five-star hotel within the financial district. The hotel offers 420 spacious and tastefully appointed guestrooms and suites. Designed with a touch of modernity and offering exclusive amenities, New World Dalian Hotel promises a delightful and memorable stay. Enjoy our contemporary approach to design, comfort and cuisine at Xiāng CAFÉ. GUO features a creative, inspiring twist on Northeast China cuisine, relax in the Lounge or the Poolside, or dance the night away in Libai Bar. Enjoy a workout in gym, take a plunge in the indoor swimming pool beneath a soaring atrium, wind down in the Jacuzzi or refresh and rejuvenate in our Yoga, cycling classes. The hotel offers extensive events facilities with one 960 square metres Grand ballroom and nine multi-function rooms. Whether you’re visiting for business or pleasure, you’ll find that our special brand of modern Oriental hospitality gives you everything you need for a successful, stress-free stay, leaving you more time to focus on, and make the most of, what’s important to you. Named the “Best Business Hotel in Dalian” in a business travellers’ poll conducted by Business Traveller China magazine, New World Dalian Hotel is truly a Dalian landmark."|"trip.com"
"https://us.trip.com/hotels/qingdao-hotel-detail-450341/zhanshan-garden-hotel/?cityId=7&checkIn=2022-01-22&checkOut=2022-01-23&adult=2&children=0&crn=1&ages=&travelpurpose=0&curr=USD&link=title&hoteluniquekey=H4sIAAAAAAAAAON6yMjFK8Fk8B8GGIWYOBilTjNyLNm6ei2zIwMIPChw8AQzCoodAngaGT0eVomsY9d2mMTowQkTFzx7BgieFDgo6XL0tf1gE1CReN7XJqDAYXGByRGmwRPGCGKIYuPYs4xRgsOJlWO5mgTLDMal-6Q3MoJNa3Bx2MHIdIJRewHT9cPSu5ggKg4xsXA4SDCdYmK4xMRwi4nhERPDKyaGT0xQc35BlTUxM3QxM0xiBiuexcywiJlBiBXsFykF87Q0k2SLZEOTtCQzE0vTJEtzyzRjoxRDA4OkZANjA1MFbo0Jy1b2sxkxWDFLMbp5MAaxmTmbOZmYRMlwMTv7RQqCncfwwV6KOTTYRdG64FzHpThJhyTW1Dzd0OCMuxwFjF2MbAKMHowRjKsYGQBbSbeMXAEAAA"|"Zhanshan Garden Hotel"|"Qingdao"|"42"|"4.5"|"No.25 Donghai 1st Road, Qingdao, 266071, Shandong, China"|"[""https://ak-d.tripcdn.com/images/200n0t000000igp3oF2B0_R_600_400_R5_D.jpg_.webp"", ""https://ak-d.tripcdn.com/images/02067120008fslednFFA7_R_800_525_R5_D.jpg"", ""https://ak-d.tripcdn.com/images/020741200051qw86992A2_R_800_525_R5_D.jpg""]"|"Wi-Fi in designated areasAirport pickup serviceRestaurantCaféBar"|"Opened: 2011 Situated in downtown <a target=""_blank"" title=""Qingdao travel guide"" href=""http://www.chinatravel.net/china-destinations/qingdao/cityintroduction-78.html"">Qingdao</a> near Zhanshan Temple and the Qingdao Botanical Garden, the Zhanshan Garden Hotel (Zhanshan Huayuan Jiudian) is only 5 km (3 mi) from Qingdao Railway Station. Qingdao Liuting International Airport is 45-minute drive away.   Rooms in this Qingdao hotels are outfitted with all the standard amenities as well as international direct-dial phones, mini bars, in-room safes and Wi-Fi internet access. Accessible rooms for those with disabilities are also available.   The on-site restaurant serves Japanese and Chinese cuisines. Several function halls are also available for social or business events.   This property offers different conference rooms to meet guests’ business needs.  For recreation, guests can play tennis, steam up in the sauna, make use of the fitness facilities or go for a swim in the hotel pool."|"trip.com"
"https://us.trip.com/hotels/qingdao-hotel-detail-6074225/yihai-garden-hotel/?cityId=7&checkIn=2022-01-22&checkOut=2022-01-23&adult=2&children=0&crn=1&ages=&travelpurpose=0&curr=USD&link=title&hoteluniquekey=H4sIAAAAAAAAAONaycjFK8Fk8B8GGIWYOBilJjNyvN04oZPFkQEEHpQ6eIIZCpUOATyTGCU5YTxBj4dVIuuiSx2cWDkOGUqwzGD8eO8T0wpGxo2MYCUMXg47GJlOMJovYPoGlNjFBFF2CEjvZpNgOcXEcImJ4RYTwyMmhldMDJ-YGH5BVTQxM3QxM0xihqibxcywiJlBiBXsJikF87Q0k2SLZEOTtCQzE0vTJEtzyzRjoxRDA4OkZANjA1MFbo0Jy1b2sxkxWDFLMbp5MAaxWRoYuLiYRslwMTv7RQpC3PbBXoo5NNhF0brgXMelOEmHJNbUPN3Q4Iy7HAWMXYxsAowejBGMqxgZAH6glXAkAQAA"|"Yihai Garden Hotel"|"Qingdao"|"55"|"4.7"|"No.5 Quanzhou Road, Qingdao, Shandong, China"|"[""https://ak-d.tripcdn.com/images/200o1700000116gzdC007_R_600_400_R5_D.jpg_.webp"", ""https://ak-d.tripcdn.com/images/200l1f000001gpx65848D_R_800_525_R5_D.jpg"", ""https://ak-d.tripcdn.com/images/200d080000003gvx6519A_R_800_525_R5_D.jpg""]"|"Wi-Fi in designated areasAirport pickup serviceRestaurantCaféNon-smoking floor"|"Opened: 2016 The Yihai Garden Hotel is an ideal spot for travelers wanting to discover the city. The Yihai Garden Hotel is an ideal choice for travelers who want to take in the sights and sounds of Qingdao."|"trip.com"
"https://us.trip.com/hotels/qingdao-hotel-detail-6173744/huaxi-hotel/?cityId=3943&checkIn=2022-01-22&checkOut=2022-01-23&adult=2&children=0&crn=1&ages=&travelpurpose=0&curr=USD&link=title&hoteluniquekey=H4sIAAAAAAAAAONaycjFK8Fk8B8GGIWYOBilJjNyLJx--zezIwMIfChy8AQzDpQ6BPBMYpTkhPEEz54BgpoiBydWjvdaEiwzGDe8-MG0gpFxIyNYSYObww5GphOMBguYNgEldjFBlB0C0mdYJVhOMTFcYmK4xcTwiInhFRPDJyaGX1AVTcwMXcwMk5gh6mYxMyxiZhBiBbtJSsE8Lc0k2SLZ0CQtyczE0jTJ0twyzdgoxdDAICnZwNjAVIFbY8Kylf1sRgxWzFKMbh6MQWwmRo4mZiZRMlzMzn6RggwQb9lLMYcGuyhaF5zruBQn6ZDEmpqnGxqccZejgLGLkU2A0YMxgnEVIwMAmpLQ7SQBAAA"|"Huaxi Hotel"|"Qingdao"|"48"|"4.7"|"No.62-1 Hangzhou Road, Pingdu, Shandong, China"|"[""https://ak-d.tripcdn.com/images/200o0t000000ia8fd407C_R_600_400_R5_D.jpg_.webp"", ""https://ak-d.tripcdn.com/images/200w0900000044p6zE517_R_800_525_R5_D.jpg"", ""https://ak-d.tripcdn.com/images/200u0t000000ibd8zFFA1_R_800_525_R5_D.jpg""]"|"Wi-Fi in designated areasRestaurantCaféNon-smoking floorFront desk (24 hours)"|"Opened: 2016 The Huaxi Hotel provides a great place for travelers to relax after a busy day. The Huaxi Hotel offers a pleasant stay in Pingdu for those traveling for business or leisure."|"trip.com"
"https://us.trip.com/hotels/qingdao-hotel-detail-72597577/qingdao-haitian-financial-center-hotel/?cityId=7&checkIn=2022-01-22&checkOut=2022-01-23&adult=2&children=0&crn=1&ages=&travelpurpose=0&curr=USD&link=title&hoteluniquekey=H4sIAAAAAAAAAOOaxMTFK8Fk8B8GGIWYOBil_jBy7H_4ZzGLxc0IRwYQcCh28AQzPpQ5BPAUgpkHQh0aGdkapzp3hwQ5TGKM5QSLJtQ4CKaBgFyFg5ITx8vbzZwCbBIbl34VUWDUhOkzhDEsWB1hJnjCGEGsHBe5JFiiWDlaOCVYnFg5vplLsMxgPNlwXmkFI-NGRrDeBl-HHYxMJxgNFzBdA0rsYoIoOwSkl7FLsJxiYrjExHCLieERE8S0V0wMn5ggJv6Cqm1iZuhiZpjEDNExixmicBEzgxAr2PNSCuZpaSbJFsmGJmlJZiaWpkmW5pZpxkYphgYGSckGxgamCtwaE5at7GczYrBilmJ082AMYnNxsTQ3do2S4WJ29osUZICEmb0Uc2iwi6J1wbmOS3GSDkmsqXm6ocEZdzkKGLsY2QQYPRgjGFcxMgAAWszZQ40BAAA"|"Qingdao Haitian Financial Center Hotel"|"Qingdao"|"49"|"4.8"|"29 xianxialing Road, Laoshan District, Qingdao, Shandong, China"|"[""https://ak-d.tripcdn.com/images/02016120008rxvd1v7F6F_R_600_400_R5_D.jpg_.webp"", ""https://ak-d.tripcdn.com/images/02056120008rxvhq66DA1_R_800_525_R5_D.jpg"", ""https://ak-d.tripcdn.com/images/0201o120008rxvd5vFF3A_R_800_525_R5_D.jpg""]"|"Wi-Fi in designated areasRestaurantNon-smoking floorCurrency exchangeFront desk (24 hours)"|"Opened: 2021 The Qingdao Haitian Financial Center Hotel is one of the newest hotels in Qingdao, having opened in 2021."|"trip.com"
"https://us.trip.com/hotels/qingdao-hotel-detail-78286701/the-st-regis-qingdao/?cityId=7&checkIn=2022-01-22&checkOut=2022-01-23&adult=2&children=0&crn=1&ages=&travelpurpose=0&curr=USD&link=title&hoteluniquekey=H4sIAAAAAAAAAOPaxMjFK8Fk8B8GGIWYOBil5jByTPnf1sViwGFxM8KRAQQ6Jjt4ghknpjkE8ExilOKE8QRbXwfukLsw2cGJjeP0ZkYJlhmMb-etUl3ByLiREayGIcthByPTCcajjAuYJi_doLqLCarwEBMrx0lJCZZTTAyXmBhuMTE8YmJ4xcTwiYnhF0xJEzNDFzPDJGaIwlnMDIuYGYRYwY6TUjBPSzNJtkg2NElLMjOxNE2yNLdMMzZKMTQwSEo2MDYwVeDWmLBsZT-bEYMVsxSjmwdjEJuZo6OhmXOUDBezs1-kIMR5H-ylmEODXRStC851XIqTdEhiTc3TDQ3OuMtRwNjFyCbA6MEYwbiKkQEADrRGai0BAAA"|"The St. Regis Qingdao"|"Qingdao"|"181"|"4.6"|"No. 48 Hong Kong West Road, Shinan District, Qingdao, 266000, Shandong, China"|"[""https://ak-d.tripcdn.com/images/0201y120008urclsk1369_R_600_400_R5_D.jpg_.webp"", ""https://ak-d.tripcdn.com/images/02042120008whgq8l88F3_R_800_525_R5_D.jpg"", ""https://ak-d.tripcdn.com/images/020481200096017qf33F6_R_800_525_R5_D.jpg""]"|"Wi-Fi in designated areasAirport pickup serviceRestaurantCaféBar"|"Opened: 2021 With a stay at The St. Regis Qingdao in Qingdao (Qingdao City Center), you'll be within a 15-minute walk of Qingdao Third Beach and May Fourth Square. This hotel is 0.9 mi (1.5 km) from MixC Shopping Mall and 1 mi (1.6 km) from Ba Da Guan. Pamper yourself with onsite massages or enjoy recreation amenities such as an indoor pool. Additional amenities at this hotel include complimentary wireless Internet access, concierge services, and a banquet hall. Grab a bite to eat at one of the hotel's many dining establishments, which include 3 restaurants and a coffee shop/café. Wrap up your day with a drink at the bar/lounge. Buffet breakfasts are available daily from 6:30 AM to 10:30 AM for a fee. Featured amenities include dry cleaning/laundry services, a 24-hour front desk, and multilingual staff. Free self parking is available onsite. Make yourself at home in one of the 233 air-conditioned rooms featuring minibars and LCD televisions. Your bed comes with down comforters and Frette Italian sheets. Complimentary wireless Internet access keeps you connected, and satellite programming is available for your entertainment. Private bathrooms with separate bathtubs and showers feature rainfall showerheads and designer toiletries."|"trip.com"
"https://us.trip.com/hotels/qingdao-hotel-detail-450341/zhanshan-garden-hotel/?cityId=7&checkIn=2022-01-22&checkOut=2022-01-23&adult=2&children=0&crn=1&ages=&travelpurpose=0&curr=USD&link=title&hoteluniquekey=H4sIAAAAAAAAAON6yMjFK8Fk8B8GGIWYOBilTjNyLNm6ei2zIwMIPChw8AQzCoodAngaGT0eVomsY9d2mMTowQkTFzx7BgieFDgo6XL0tf1gE1CReN7XJqDAYXGByRGmwRPGCGKIYuPYs4xRgsOJlWO5mgTLDMal-6Q3MoJNa3Bx2MHIdIJRewHT9cPSu5ggKg4xsXA4SDCdYmK4xMRwi4nhERPDKyaGT0xQc35BlTUxM3QxM0xiBiuexcywiJlBiBXsFykFU0MTkyRDw5S0tKRkE7PEFEtDQ5M0M1Nzo9SUVBMj4xQFbo2Dy1f2sxkxWDFLMbp5MAaxGTiZuro6RslwMTv7RQqCncfwwV6KOTTYRdG64FzHpThJhyTW1Dzd0OCMuxwFjF2MbAKMHowRjKsYGQA5uDJvXAEAAA"|"Zhanshan Garden Hotel"|"Xi'an"|"42"|"4.5"|"No.25 Donghai 1st Road, Qingdao, 266071, Shandong, China"|"[""https://ak-d.tripcdn.com/images/200n0t000000igp3oF2B0_R_600_400_R5_D.jpg_.webp"", ""https://ak-d.tripcdn.com/images/02067120008fslednFFA7_R_800_525_R5_D.jpg"", ""https://ak-d.tripcdn.com/images/020741200051qw86992A2_R_800_525_R5_D.jpg""]"|"Wi-Fi in designated areasAirport pickup serviceRestaurantCaféBar"|"Opened: 2011 Situated in downtown <a target=""_blank"" title=""Qingdao travel guide"" href=""http://www.chinatravel.net/china-destinations/qingdao/cityintroduction-78.html"">Qingdao</a> near Zhanshan Temple and the Qingdao Botanical Garden, the Zhanshan Garden Hotel (Zhanshan Huayuan Jiudian) is only 5 km (3 mi) from Qingdao Railway Station. Qingdao Liuting International Airport is 45-minute drive away.   Rooms in this Qingdao hotels are outfitted with all the standard amenities as well as international direct-dial phones, mini bars, in-room safes and Wi-Fi internet access. Accessible rooms for those with disabilities are also available.   The on-site restaurant serves Japanese and Chinese cuisines. Several function halls are also available for social or business events.   This property offers different conference rooms to meet guests’ business needs.  For recreation, guests can play tennis, steam up in the sauna, make use of the fitness facilities or go for a swim in the hotel pool."|"trip.com"
"https://us.trip.com/hotels/qingdao-hotel-detail-6074225/yihai-garden-hotel/?cityId=7&checkIn=2022-01-22&checkOut=2022-01-23&adult=2&children=0&crn=1&ages=&travelpurpose=0&curr=USD&link=title&hoteluniquekey=H4sIAAAAAAAAAONaycjFK8Fk8B8GGIWYOBilJjNyvN04oZPFkQEEHpQ6eIIZCpUOATyTGCU5YTxBj4dVIuuiSx2cWDkOGUqwzGD8eO8T0wpGxo2MYCUMXg47GJlOMJovYPoGlNjFBFF2CEjvZpNgOcXEcImJ4RYTwyMmhldMDJ-YGH5BVTQxM3QxM0xihqibxcywiJlBiBXsJikFU0MTkyRDw5S0tKRkE7PEFEtDQ5M0M1Nzo9SUVBMj4xQFbo2Dy1f2sxkxWDFLMbp5MAaxuRo6OrsYR8lwMTv7RQpC3PbBXoo5NNhF0brgXMelOEmHJNbUPN3Q4Iy7HAWMXYxsAowejBGMqxgZAMJNAzgkAQAA"|"Yihai Garden Hotel"|"Xi'an"|"55"|"4.7"|"No.5 Quanzhou Road, Qingdao, Shandong, China"|"[""https://ak-d.tripcdn.com/images/200o1700000116gzdC007_R_600_400_R5_D.jpg_.webp"", ""https://ak-d.tripcdn.com/images/200l1f000001gpx65848D_R_800_525_R5_D.jpg"", ""https://ak-d.tripcdn.com/images/200d080000003gvx6519A_R_800_525_R5_D.jpg""]"|"Wi-Fi in designated areasAirport pickup serviceRestaurantCaféNon-smoking floor"|"Opened: 2016 The Yihai Garden Hotel is an ideal spot for travelers wanting to discover the city. The Yihai Garden Hotel is an ideal choice for travelers who want to take in the sights and sounds of Qingdao."|"trip.com"
"https://us.trip.com/hotels/qingdao-hotel-detail-6173744/huaxi-hotel/?cityId=3943&checkIn=2022-01-22&checkOut=2022-01-23&adult=2&children=0&crn=1&ages=&travelpurpose=0&curr=USD&link=title&hoteluniquekey=H4sIAAAAAAAAAONaycjFK8Fk8B8GGIWYOBilJjNyLJx--zezIwMIfChy8AQzDpQ6BPBMYpTkhPEEz54BgpoiBydWjvdaEiwzGDe8-MG0gpFxIyNYSYObww5GphOMBguYNgEldjFBlB0C0mdYJVhOMTFcYmK4xcTwiInhFRPDJyaGX1AVTcwMXcwMk5gh6mYxMyxiZhBiBbtJSsHU0MQkydAwJS0tKdnELDHF0tDQJM3M1NwoNSXVxMg4RYFb4-Dylf1sRgxWzFKMbh6MQWwGZkZu5mZRMlzMzn6RggwQb9lLMYcGuyhaF5zruBQn6ZDEmpqnGxqccZejgLGLkU2A0YMxgnEVIwMAzY34ByQBAAA"|"Huaxi Hotel"|"Xi'an"|"48"|"4.7"|"No.62-1 Hangzhou Road, Pingdu, Shandong, China"|"[""https://ak-d.tripcdn.com/images/200o0t000000ia8fd407C_R_600_400_R5_D.jpg_.webp"", ""https://ak-d.tripcdn.com/images/200w0900000044p6zE517_R_800_525_R5_D.jpg"", ""https://ak-d.tripcdn.com/images/200u0t000000ibd8zFFA1_R_800_525_R5_D.jpg""]"|"Wi-Fi in designated areasRestaurantCaféNon-smoking floorFront desk (24 hours)"|"Opened: 2016 The Huaxi Hotel provides a great place for travelers to relax after a busy day. The Huaxi Hotel offers a pleasant stay in Pingdu for those traveling for business or leisure."|"trip.com"
"https://us.trip.com/hotels/qingdao-hotel-detail-72597577/qingdao-haitian-financial-center-hotel/?cityId=7&checkIn=2022-01-22&checkOut=2022-01-23&adult=2&children=0&crn=1&ages=&travelpurpose=0&curr=USD&link=title&hoteluniquekey=H4sIAAAAAAAAAOOaxMTFK8Fk8B8GGIWYOBil_jBy7H_4ZzGLxc0IRwYQcCh28AQzPpQ5BPAUgpkHQh0aGdkapzp3hwQ5TGKM5QSLJtQ4CKaBgFyFg5ITx8vbzZwCbBIbl34VUWDUhOkzhDEsWB1hJnjCGEGsHBe5JFiiWDlaOCVYnFg5vplLsMxgPNlwXmkFI-NGRrDeBl-HHYxMJxgNFzBdA0rsYoIoOwSkl7FLsJxiYrjExHCLieERE8S0V0wMn5ggJv6Cqm1iZuhiZpjEDNExixmicBEzgxAr2PNSCqaGJiZJhoYpaWlJySZmiSmWhoYmaWam5kapKakmRsYpCtwaB5ev7GczYrBilmJ082AMYnMyNzByM4qS4WJ29osUZICEmb0Uc2iwi6J1wbmOS3GSDkmsqXm6ocEZdzkKGLsY2QQYPRgjGFcxMgAAuBOtMI0BAAA"|"Qingdao Haitian Financial Center Hotel"|"Xi'an"|"49"|"4.8"|"29 xianxialing Road, Laoshan District, Qingdao, Shandong, China"|"[""https://ak-d.tripcdn.com/images/02016120008rxvd1v7F6F_R_600_400_R5_D.jpg_.webp"", ""https://ak-d.tripcdn.com/images/02056120008rxvhq66DA1_R_800_525_R5_D.jpg"", ""https://ak-d.tripcdn.com/images/0201o120008rxvd5vFF3A_R_800_525_R5_D.jpg""]"|"Wi-Fi in designated areasRestaurantNon-smoking floorCurrency exchangeFront desk (24 hours)"|"Opened: 2021 The Qingdao Haitian Financial Center Hotel is one of the newest hotels in Qingdao, having opened in 2021."|"trip.com"
"https://us.trip.com/hotels/qingdao-hotel-detail-78286701/the-st-regis-qingdao/?cityId=7&checkIn=2022-01-22&checkOut=2022-01-23&adult=2&children=0&crn=1&ages=&travelpurpose=0&curr=USD&link=title&hoteluniquekey=H4sIAAAAAAAAAOPaxMjFK8Fk8B8GGIWYOBil5jByTPnf1sViwGFxM8KRAQQ6Jjt4ghknpjkE8ExilOKE8QRbXwfukLsw2cGJjeP0ZkYJlhmMb-etUl3ByLiREayGIcthByPTCcajjAuYJi_doLqLCarwEBMrx0lJCZZTTAyXmBhuMTE8YmJ4xcTwiYnhF0xJEzNDFzPDJGaIwlnMDIuYGYRYwY6TUjA1NDFJMjRMSUtLSjYxS0yxNDQ0STMzNTdKTUk1MTJOUeDWOLh8ZT-bEYMVsxSjmwdjEJu5uZmTs2uUDBezs1-kIMR5H-ylmEODXRStC851XIqTdEhiTc3TDQ3OuMtRwNjFyCbA6MEYwbiKkQEAwxG-8i0BAAA"|"The St. Regis Qingdao"|"Xi'an"|"181"|"4.6"|"No. 48 Hong Kong West Road, Shinan District, Qingdao, 266000, Shandong, China"|"[""https://ak-d.tripcdn.com/images/0201y120008urclsk1369_R_600_400_R5_D.jpg_.webp"", ""https://ak-d.tripcdn.com/images/02042120008whgq8l88F3_R_800_525_R5_D.jpg"", ""https://ak-d.tripcdn.com/images/020481200096017qf33F6_R_800_525_R5_D.jpg""]"|"Wi-Fi in designated areasAirport pickup serviceRestaurantCaféBar"|"Opened: 2021 With a stay at The St. Regis Qingdao in Qingdao (Qingdao City Center), you'll be within a 15-minute walk of Qingdao Third Beach and May Fourth Square. This hotel is 0.9 mi (1.5 km) from MixC Shopping Mall and 1 mi (1.6 km) from Ba Da Guan. Pamper yourself with onsite massages or enjoy recreation amenities such as an indoor pool. Additional amenities at this hotel include complimentary wireless Internet access, concierge services, and a banquet hall. Grab a bite to eat at one of the hotel's many dining establishments, which include 3 restaurants and a coffee shop/café. Wrap up your day with a drink at the bar/lounge. Buffet breakfasts are available daily from 6:30 AM to 10:30 AM for a fee. Featured amenities include dry cleaning/laundry services, a 24-hour front desk, and multilingual staff. Free self parking is available onsite. Make yourself at home in one of the 233 air-conditioned rooms featuring minibars and LCD televisions. Your bed comes with down comforters and Frette Italian sheets. Complimentary wireless Internet access keeps you connected, and satellite programming is available for your entertainment. Private bathrooms with separate bathtubs and showers feature rainfall showerheads and designer toiletries."|"trip.com"
"https://us.trip.com/hotels/dunhuang-hotel-detail-60642040/tianhe-hotel/?cityId=11&checkIn=2022-01-22&checkOut=2022-01-23&adult=2&children=0&crn=1&ages=&travelpurpose=0&curr=USD&link=title&hoteluniquekey=H4sIAAAAAAAAAONaw8jFK8Fk8B8GGIWYOBilpjFyrP71sJvF4n-eIwMIfKh38AQzEpocAngmMUpywniCYIZDvYMTK8d2DwmWGYw_ln6V2cgIEQ522MHIdICR6QRj4AKm43_Pqu5igig7BKR3ckqwnGJiuMTEcIuJ4RETwysmhk9MDL-gKpqYGbqYGSYxQ9TNYmZYxMwgxAp2lpSCpXFiarJRsoGZqYmRSYp5amJiknmigaGpWUqSkYmJYaoCt8aFlSv72YwYrJilGN08GIPYnC2cDYyNo2S4mJ39IiGuZvhgL8UcGuyiaF1wruNSnKRDEmtqnm5ocMZdjgLGLkY2AUYPxgjGVYwMAAUg6ZcnAQAA"|"Tianhe Hotel"|"Dunhuang"|"81"|"4.5"|"No.106 Mingshan Middle Road, Dunhuang, Gansu, China"|"[""https://ak-d.tripcdn.com/images/02019120005tidayc72DD_R_600_400_R5_D.jpg_.webp"", ""https://ak-d.tripcdn.com/images/20041f000001funv912D4_R_800_525_R5_D.jpg"", ""https://ak-d.tripcdn.com/images/200p1f000001futgy873A_R_800_525_R5_D.jpg""]"|"Wi-Fi in designated areasAirport pickup serviceRestaurantCaféBar"|"Opened: 2020 The Tianhe Hotel is a great choice for guests looking for accommodation in Dunhuang, having been recently opened in 2020."|"trip.com"
"https://us.trip.com/hotels/dunhuang-hotel-detail-6578542/aisiting-hotel/?cityId=11&checkIn=2022-01-22&checkOut=2022-01-23&adult=2&children=0&crn=1&ages=&travelpurpose=0&curr=USD&link=title&hoteluniquekey=H4sIAAAAAAAAAOPqY-LilWAy-A8DjEJMHIxSPxg5em5MCXBkAIEHiQ6eYEZCqkMATyGYyeDu0Mi4p2SyBEucs8MkxlhOsKBCtoNgGgjwpTsoOXGc276bU4BN4uf716IKjJowfYYwhgWrI8wETxgjiJXjPKsESxQrx219CTYnVo67UhIsMxjfHZrIvIKRcSMjRK-Nww5GphOM4guYPgAldjFBlB0C0vuYJVhOMTFcYmK4xcTwiAli2ismhk9MEBN_QdU2MTN0MTNMYobomMUMUbiImUGIBeRxKQVL48TUZKNkAzNTEyOTFPPUxMQk80QDQ1OzlCQjExPDVAVujQsrV_azGTFYMUsxunkwBrE5mZsZGjhHyXAxO_tFCkJc-sFeijk02EXRuuBcx6U4SYck1tQ83dDgjLscBYxdjGwCjB6MEYyrGBkAGpy3O4gBAAA"|"Aisiting Hotel"|"Dunhuang"|"23"|"4.7"|"No.2190 Yangguan Middle Road, Dunhuang, Gansu, China"|"[""https://ak-d.tripcdn.com/images/200v14000000w3osj8D6F_R_600_400_R5_D.jpg_.webp"", ""https://ak-d.tripcdn.com/images/02017120008qcx1aa406F_R_800_525_R5_D.jpg"", ""https://ak-d.tripcdn.com/images/200r0h0000008x71429E0_R_800_525_R5_D.jpg""]"|"Wi-Fi in designated areasAirport pickup serviceRestaurantFront desk (24 hours)Wake-up call"|"Opened: 2017 The Aisiting Hotel provides a great place for travelers to relax after a busy day. Visitors to Dunhuang will find that the Aisiting Hotel is a fantastic accommodation choice."|"trip.com"
"https://us.trip.com/hotels/dunhuang-hotel-detail-5398509/yun-tian-international-hotel/?cityId=11&checkIn=2022-01-22&checkOut=2022-01-23&adult=2&children=0&crn=1&ages=&travelpurpose=0&curr=USD&link=title&hoteluniquekey=H4sIAAAAAAAAAOPqYuLilWAy-A8DjEJMHIxSXxg5HizcLODIAAIHYhw8wYwFCQ4BPIVgJoOCQyPjDrnW14E_xB0mMcZyQhQkOgimgcC3WAclJ461L29xCrBJLLm2QUyBUROmzxDGsDjG5ggzwhPGCGLhKJBgiWLleOEpweHEyrFeUIJlBuPb_SeZVjAybmSE6DVy2MHIdIJRaAHTuX-nmXYxQZQdYmLhkJVgOsXEcImJ4RYTwyMmsFmvmBg-MUHM-wVV2cTM0MXMMIkZrH4WM1jZImYGIRaQp6UULI0TU5ONkg3MTE2MTFLMUxMTk8wTDQxNzVKSjExMDFMVuDUurFzZz2bEYMUsxejmwRjE5mpgYuriHCXDxezsFykIceUHeynm0GAXReuCcx2X4iQdklhT83RDgzPuchQwdjGyCTB6MEYwrmJkAABmM6YshAEAAA"|"Yun Tian International Hotel"|"Dunhuang"|"18"|"4.6"|"168 Mingshan North Road, Dunhuang, 735000, Gansu, China"|"[""https://ak-d.tripcdn.com/images/200113000000u4cx9583A_R_600_400_R5_D.jpg_.webp"", ""https://ak-d.tripcdn.com/images/200o13000000tq9p3BDF4_R_800_525_R5_D.jpg"", ""https://ak-d.tripcdn.com/images/20011d000001exnl01FB9_R_800_525_R5_D.jpg""]"|"Wi-Fi in designated areasAirport pickup serviceRestaurantFront desk (24 hours)Wake-up call"|"Opened: 2016 The Yun Tian International Hotel provides a great place for travelers to relax after a busy day. Visitors to Dunhuang will find that the Yun Tian International Hotel is a fantastic accommodation choice."|"trip.com"
"https://us.trip.com/hotels/dunhuang-hotel-detail-4539943/huaxia-international-hotel/?cityId=11&checkIn=2022-01-22&checkOut=2022-01-23&adult=2&children=0&crn=1&ages=&travelpurpose=0&curr=USD&link=title&hoteluniquekey=H4sIAAAAAAAAAOPay8TFK8Fk8B8GGIWYOBilljNx_NwyUdCRAQwSHDzB9IEkhwCeQoiYqUMj4-GvGjH9TFYOkxh7GTkhKlMdBMEMhWQHJReOqT3bGAXYJGaumiCpwKgJ02gIY1i8ZXSM6T8ENMXIwRPGCGLlOMIkwRLFxjH5EaMEh5IOx6xHbTwCKhKNB57JKHBYXGBynDUTBOQcPGGMIIYoVo65cRIcTqwcHaISLDMYl_dMZdrICLHIzGEHI9MJRpEFTPd2zWfaxQRRcwhIPwBadIqJ4RITwy0mhkdMEJtfMTF8YmLj2HCASYLjF1RxEzNDFzPDJGaIllnMEJWLmBmEWEDhJKVgaZyYmmyUbGBmamJkkmKempiYZJ5oYGhqlpJkZGJimKrArXFh5cp-NiMGK2YpRjcPxiA2QzcTZ0fHKBkuZme_SEioMXywl2IODXZRtC4413EpTtIhiTU1Tzc0OOMuRwFjFyObAKMHYwTjKkYGAPsyzNu3AQAA"|"Huaxia International Hotel"|"Dunhuang"|"20"|"4.4"|"Middle Section of Dunyue Road, Dunhuang, 736200, Gansu, China"|"[""https://ak-d.tripcdn.com/images/200u15000000ybdxi8006_R_600_400_R5_D.jpg_.webp"", ""https://ak-d.tripcdn.com/images/0200b120008drwixcC158_R_800_525_R5_D.jpg"", ""https://ak-d.tripcdn.com/images/02037120008drx6fv0DA4_R_800_525_R5_D.jpg""]"|"Wi-Fi in designated areasRestaurantNon-smoking floorFront desk (24 hours)Wake-up call"|"Opened: 2015 The Huaxia International Hotel is one of the newest hotels in Dunhuang, having been renovated in 2019."|"trip.com"
"https://us.trip.com/hotels/dunhuang-hotel-detail-5816101/wan-sheng-international-hotel/?cityId=11&checkIn=2022-01-22&checkOut=2022-01-23&adult=2&children=0&crn=1&ages=&travelpurpose=0&curr=USD&link=title&hoteluniquekey=H4sIAAAAAAAAAOOayMTFK8Fk8B8GGIWYOBilfjNyHH50OciRAQQaMh08wQyGPIcAnkKImINDI2NM_6GvGjHWDpMY4znBogKFDoIQ6RwHJReO2VvucwqwSXzq7JFUYNSE6TOEMSzeMjrCjPCEMYJYOVpZJFii2DgaLjJJcDixclxQlGCZwbj03yOmFYyMGxkhLnFy2MHIdIJRYQHTKqDELiaIskNAeiNQ9ykmhktMDLeYGB4xQYx7xcTwiQlq5C-o4iZmhi5mhknMEC2zmCEqFzEzCLGA_C6lYGmcmJpslGxgZmpiZJJinpqYmGSeaGBoapaSZGRiYpiqwK1xYeXKfjYjBitmKUY3D8YgNgszS0c34ygZLmZnv0hIUDB8sJdiDg12UbQuONdxKU7SIYk1NU83NDjjLkcBYxcjmwCjB2ME4ypGBgDuF9AHiwEAAA"|"Wan Sheng International Hotel"|"Dunhuang"|"32"|"4.5"|"No.568 Shazhou North Road, Dunhuang, Gansu, China"|"[""https://ak-d.tripcdn.com/images/200s190000015vxjaA096_R_600_400_R5_D.jpg_.webp"", ""https://ak-d.tripcdn.com/images/20060h0000008uc9jD57E_R_800_525_R5_D.jpg"", ""https://ak-d.tripcdn.com/images/200h0h0000008wdf7FFC6_R_800_525_R5_D.jpg""]"|"Wi-Fi in designated areasRestaurantCaféNon-smoking floorFront desk (24 hours)"|"Opened: 2016 The Wan Sheng International Hotel provides a great place for travelers to relax after a busy day. Visitors to Dunhuang will find that the Wan Sheng International Hotel is a fantastic accommodation choice."|"trip.com"
"https://us.trip.com/hotels/nanjing-hotel-detail-433538/shanshui-hotel/?cityId=12&checkIn=2022-01-22&checkOut=2022-01-23&adult=2&children=0&crn=1&ages=&travelpurpose=0&curr=USD&link=title&hoteluniquekey=H4sIAAAAAAAAAOPqY-LilWAy-A8DjEJMHIxSPxg5Zi7ZIWXwgdmRAQQWZDp4ghkN-Q4BPIVgJkO0QyOjMQh8DnOYxBjHCVFQ5iAIZigUOyg5cyy8spZTgE1i0btLogqMmjB9hjCGBasjzARPGCOIlWM5rwRLFBvH_VccEhxOrBxrdCRYZjA27ZZawci4kRFijbvDDkamE4wKC5ie8uxigqg5xMTC4SXBdIqJ4RITwy0mhkdMEKNeMTF8YoIa9wuqtomZoYuZYRIzWMcsZojCRcwMQiwgj0spGCSnWqSmGqcZJJmZmBimJiclmhqZmFgamxonAulUYwVujQWrV_azGTFYMUsxunkwBrGZmppYuJlGyXAxO_tFQgKB4YO9FHNosIuidcG5jktxkg5JrKl5uqHBGXc5Chi7GNkEGD0YIxhXMTIAAFRZPpGIAQAA"|"Shanshui Hotel"|"Nanjing"|"32"|"4.8"|"No.118 Middle Longpan Road, Nanjing, 210018, Jiangsu, China"|"[""https://ak-d.tripcdn.com/images/200q1c000001dmj1sA66C_R_600_400_R5_D.jpg_.webp"", ""https://ak-d.tripcdn.com/images/200d0b0000005n35jDBBC_R_800_525_R5_D.jpg"", ""https://ak-d.tripcdn.com/images/02021120008e1jlz17B35_R_800_525_R5_D.jpg""]"|"Wi-Fi in designated areasRestaurantCaféNon-smoking floorCurrency exchange"|"Opened: 1997 Located close to the center of Nanjing, the Nanjing Shanshui Hotel (Nanjing Shanshui Dajiudian) offers convenient access to both the vibrant downtown area and Nanjing Railway Station.  Accommodation in this Nanjing hotel ranges from standard rooms to deluxe suites and all come with broadband internet and modern facilities. High-end rooms are equipped with a kitchen, washing machines, dishwashers and a Jacuzzi, basically everything guests would expect to find in their own homes, making this your home away from home.  The on-site Chinese restaurant serves delicious Huaiyang, Cantonese and Sichuan dishes, while those pinning for international flavors can head over to the Western restaurant.  To ensure the convenience of guests conducting business, this hotel provides many different services, a business center and function rooms.  A massage parlor, spa, and tea house provide the perfect excuse for guests to pamper themselves, while the gym allows those fitness freaks to keep their muscles toned."|"trip.com"
"https://us.trip.com/hotels/nanjing-hotel-detail-369717/golden-eagle-summit-hotel/?cityId=12&checkIn=2022-01-22&checkOut=2022-01-23&adult=2&children=0&crn=1&ages=&travelpurpose=0&curr=USD&link=title&hoteluniquekey=H4sIAAAAAAAAAONqZuLilWAy-A8DjEJMHIxSbxk5Hm54O5HRkQEEHtQ4eIIZHI0OATyFYKZDmEMj4yLXbZ__mgQ5TGKM5gSLXmh2EJw1EwgcGxyUHDjOHrrJIcAmsXDfZBEFRk2YPkMYw4LVEWaCJ4wRxMTBF8XG0d7ILsHhxMrR4yfBMoNx6wmxjYxgXQdCHHYwMp1g9FzANO-A-C4miIpDQHoGlwTLKSaGS0wMt5gYHjEBjXnFxPCJCWrUL6jKJmaGLmaGScwQ9bOYgcoWMTMIsYJ9K6VgkJxqkZpqnGaQZGZiYpianJRoamRiYmlsapwIpFONFbg1Fqxe2c9mxGDFLMXo5sEYxObk5upoZBYlw8Xs7BcpCHYkwwd7KebQYBdF64JzHZfiJB2SWFPzdEODM-5yFDB2MbIJMHowRjCuYmQAAEXEyVp-AQAA"|"Golden Eagle Summit Hotel"|"Nanjing"|"70"|"4.7"|"No.1 Zhujiang Road, Nanjing, 210008, Jiangsu, China"|"[""https://ak-d.tripcdn.com/images/200l0u000000j4pac970C_R_600_400_R5_D.jpg_.webp"", ""https://ak-d.tripcdn.com/images/200k1e000001f0sz6638B_R_800_525_R5_D.jpg"", ""https://ak-d.tripcdn.com/images/20081e000001f6metA38F_R_800_525_R5_D.jpg""]"|"Wi-Fi in designated areasAirport pickup serviceRestaurantCaféNon-smoking floor"|"Opened: 2008 The Golden Eagle Summit Hotel (Jinying Zhujiangyihao Guoji Jiudian) is located in Nanjing's central business district. This Nanjing hotel offers easy access to Metro Line 1 Zhujianglu Station. It is also a 15-minute drive from Nanjing Railway Station and a 45-minute drive from Nanjing Lukou International Airport.   Each room comes complete with an LCD TV, high-speed broadband Internet access and floor-to-ceiling windows. Guests have access to small conference rooms on each floor. Guests checking in to executive floors can enjoy secretarial service and various value-added services.   Authentic Western cuisine and Southeast Asian food are on offer at the Western restaurant. The lobby lounge offers a variety of drinks and Western pastries and keeps guests connected with Wi-Fi access.   The hotel's selection of conference rooms is serviced by professional conference staff.   A fully-equipped fitness room and an indoor swimming pool are available for guest use."|"trip.com"
"https://us.trip.com/hotels/nanjing-hotel-detail-5549111/g-e-summit-hotel/?cityId=12&checkIn=2022-01-22&checkOut=2022-01-23&adult=2&children=0&crn=1&ages=&travelpurpose=0&curr=USD&link=title&hoteluniquekey=H4sIAAAAAAAAAONaycjFK8Fk8B8GGIWYOBilJjNyNP889ZfZkQEEfjQ5eIIZF1odAngmMUpywniCaSDQ1eTgxMrxN1SCZQbj9huXmFYwMm5kBCs5EOawg5HpBGPCAqYjQIldTBBlh4D0bG4JllNMDJeYGG4xMTxiYnjFxPCJieEXVEUTM0MXM8MkZoi6WcwMi5gZhFjBbpJSMEhOtUhNNU4zSDIzMTFMTU5KNDUyMbE0NjVOBNKpxgrcGgtWr-xnM2KwYpZidPNgDGIzdjZ3NjWOkuFidvaLFAS7jeGDvRRzaLCLonXBuY5LcZIOSaypebqhwRl3OQoYuxjZBBg9GCMYVzEyAAAucbhzJAEAAA"|"G.E. Summit Hotel"|"Nanjing"|"96"|"4.8"|"No.1688 Shuanglong Avenue, Nanjing, Jiangsu, China"|"[""https://ak-d.tripcdn.com/images/20040t000000ipimpB3FC_R_600_400_R5_D.jpg_.webp"", ""https://ak-d.tripcdn.com/images/200911000000r4h4gAD2C_R_800_525_R5_D.jpg"", ""https://ak-d.tripcdn.com/images/0200x120008237r7a79E6_R_800_525_R5_D.jpg""]"|"Wi-Fi in designated areasRestaurantCaféNon-smoking floorCurrency exchange"|"Opened: 2016 The G.E. Summit Hotel provides a great place for travelers to relax after a busy day. Visitors to Nanjing will find that the G.E. Summit Hotel is a fantastic accommodation choice."|"trip.com"
"https://us.trip.com/hotels/nanjing-hotel-detail-5451854/golden-eagle-international-hotel/?cityId=12&checkIn=2022-01-22&checkOut=2022-01-23&adult=2&children=0&crn=1&ages=&travelpurpose=0&curr=USD&link=title&hoteluniquekey=H4sIAAAAAAAAAOOaycjFK8Fk8B8GGIWYOBilmhk5rnbOamRxZACBI5MdPGGMAJ5JjFKcMJ4gmHF2goMTG8fL2YwSLDMYzz04w7SCkXEHI9MJxuOMC5jOA_m7mKDSh5gYTjExXGJiuMXE8IiJ4RUTwycmhl8w2SZmhi5mhknMDLOYGRYxMwixgt0gpWCQnGqRmmqcZpBkZmJimJqclGhqZGJiaWxqnAikU40VuDUWrF7Zz2bEYMUsxejmwRjEZmBgamBsFiXDxezsFwlxJcMHeynm0GAXReuCcx2X4iQdklhT83RDgzPuchQwdjGyCTB6MEYwrmJkAAAZ139tFAEAAA"|"Golden Eagle International Hotel"|"Nanjing"|"199"|"4.7"|"No.101 Hanzhong Road (Jinying Xinjiekou), Nanjing, Jiangsu, China"|"[""https://ak-d.tripcdn.com/images/200e14000000w8tq575FE_R_600_400_R5_D.jpg_.webp"", ""https://ak-d.tripcdn.com/images/200k0z000000mo6w25A85_R_800_525_R5_D.jpg"", ""https://ak-d.tripcdn.com/images/200t0d0000006sf3u57C6_R_800_525_R5_D.jpg""]"|"Wi-Fi in designated areasRestaurantCaféBarNon-smoking floor"|"Opened: 2016 The Golden Eagle International Hotel is an ideal spot for travelers wanting to discover the city. The Golden Eagle International Hotel is an ideal choice for travelers who want to take in the sights and sounds of Nanjing."|"trip.com"
"https://us.trip.com/hotels/nanjing-hotel-detail-369710/hilton-nanjing-riverside/?cityId=12&checkIn=2022-01-22&checkOut=2022-01-23&adult=2&children=0&crn=1&ages=&travelpurpose=0&curr=USD&link=title&hoteluniquekey=H4sIAAAAAAAAAON6wMjFK8Fk8B8GGIWYOBilTjFytHdf-cxscEbI4oS3IwMIfChx8AQzLlQ4BPAUgpkMng6TGK05IfLVDoJgxoIKByUFBRZNmApDGMOilS2IlWMqmwRLFIMTK0eHuQTLDMZ1J8Q2MkJU-DvsYGQ6wWi6gKlj-0O2XUwQJYeA9Bl2CZZTTAyXmBhuMTE8YoIY8oqJ4RMTwy-osiZmhi5mhknMEMWzmCFqFjEzCLGCvSKlYJCcapGaapxmkGRmYmKYmpyUaGpkYmJpbGqcCKRTjRW4NRasXtnPZsRgxSzF6ObBGMRmaezkauoUJcPF7OwXCfEdwwd7KebQYBdF64JzHZfiJB2SWFPzdEODM-5yFDB2MbIJMHowRjCuYmQAAI1DwxJbAQAA"|"Hilton Nanjing Riverside"|"Nanjing"|"53"|"4.7"|"No. 1 Huaibin Road, Nanjing, 210011, Jiangsu, China"|"[""https://ak-d.tripcdn.com/images/t1/hotel/117000/116965/3a0a292cd7d1427a9b484c1278a31046_R_600_400_R5_D.jpg_.webp"", ""https://ak-d.tripcdn.com/images/0202e1200043jqkyq4C43_R_800_525_R5_D.jpg"", ""https://ak-d.tripcdn.com/images/200b0s000000hudbt2407_R_800_525_R5_D.jpg""]"|"Wi-Fi in designated areasRestaurantBarNon-smoking floorCurrency exchange"|"Opened: 2011 The Hilton Nanjing Riverside (Nanjing Shimao Binjiang Xi'erdun Jiudian) is a 5-star hotel located by the Yangtze River, about a 20-minute drive from the city's commercial center. A 50-minute taxi ride takes guests to the Nanjing Lukou International Airport.  Most rooms in this Nanjing hotel have balconies where guests can enjoy views of the Yangtze River.  Variously-sized meeting rooms and a banquet hotel are available for events and professional meeting planners on hand to help.   The hotel spa offers a relaxing venue for both body and mind after a hard day of travel or work. An indoor swimming pool, gym and sauna are also at guests' disposal."|"trip.com"
"https://us.trip.com/hotels/suzhou-hotel-detail-80838708/le-petit-rosedale-hotel-taicang/?cityId=654&checkIn=2022-01-22&checkOut=2022-01-23&adult=2&children=0&crn=1&ages=&travelpurpose=0&curr=USD&link=title&hoteluniquekey=H4sIAAAAAAAAAOOazsTFK8Fk8B8GGIWYOBilGpk4Pn7ZM5XFoJPH4laEIwMIfCh28AQzGsodAngKwUwGf4dGxjA-3U1z-b0cJjHGcYIFE6odBM-eAQKXcgclZ46TM3ZxCbBJfDl9SVyBUROmzxDGsGB1hJngCWMEsXIcZ5dgiWLjaGxileBwYuX4ZSrBMoNxS8MxtRWMjBsZIQ7xcdjByHSC0WgB05W9x9R2MUGUHQLSrUDdp5gYLjEx3GJieMQEMe4VE8MnJqiRv6CKm5gZupgZJjFDtMxihqhcxMwgxAoOASmFZMtECwvzNLM0S4NUkzQzyyRTwxTzVEtjQ0MTMzOLlEQFbo2_a1b2sxkxWDFLMbp5MAaxGRuZGZmaR8lwMTv7RQpCPPrBXoo5NNhF0brgXMelOEmHJNbUPN3Q4Iy7HAWMXYxsAowejBGMqxgZAOzfoEGSAQAA"|"Le Petit Rosedale Hotel Taicang"|"Suzhou"|"50"|"4.9"|"No.29 Zigang Rd,Science and Education New Town, Taicang, Jiangsu, China"|"[""https://ak-d.tripcdn.com/images/020691200090tw9wg1E21_R_600_400_R5_D.jpg_.webp"", ""https://ak-d.tripcdn.com/images/020581200090ojqtv2DA6_R_800_525_R5_D.jpg"", ""https://ak-d.tripcdn.com/images/0201a1200090jqkmeA5A3_R_800_525_R5_D.jpg""]"|"Wi-Fi in designated areasAirport shuttle serviceAirport pickup serviceRestaurantCafé"|"Opened: 2021 Le Petie Rosedale Hotel Taicang is an International brand hotel affiliated to the Hongkang Rosedale Group. It is located in Tianjing lake commercial square in science and education city of Taicang,it’s a business & leisure hotel integrating with art, fashion and intelligence ，it has unique natural landscape combined with plant elements to create a comfortable and pleasant space."|"trip.com"
"https://us.trip.com/hotels/suzhou-hotel-detail-47782586/atour-hotel-taicang-dongcang-south-road/?cityId=654&checkIn=2022-01-22&checkOut=2022-01-23&adult=2&children=0&crn=1&ages=&travelpurpose=0&curr=USD&link=title&hoteluniquekey=H4sIAAAAAAAAAOPaxMjFK8Fk8B8GGIWYOBil5jByvPz-fwqLwXJ-i1sRjgwgIFDo4AlmLCh2COCZxCjJCeMJpoHAugIHJ1aO62oSLDMYd219IraCkXEjI1hJg4vDDkamA4yMJxi1FzAdB8rtYoKoPASk21glWE4xMVxiYrjFxPCIieEVE8MnJoZfUBVNzAxdzAyTmCHqZjEzLGJmEGIFO05KIdky0cLCPM0szdIg1STNzDLJ1DDFPNXS2NDQxMzMIiVRgVvj75qV_WxGDFbMUoxuHoxBbE5ObmbOLlEyXMzOfpGCYOcxfLCXYg4NdlG0LjjXcSlO0iGJNTVPNzQ44y5HAWMXI5sAowdjBOMqRgYAXD8Sri0BAAA"|"Atour Hotel (Taicang Dongcang South Road)"|"Suzhou"|"43"|"4.8"|"Building 2, No.39 Cangnan Road, Loudong Street, Taicang, Jiangsu, China"|"[""https://ak-d.tripcdn.com/images/200s1900000169uzqED69_R_600_400_R5_D.jpg_.webp"", ""https://ak-d.tripcdn.com/images/20051900000165hl8786D_R_800_525_R5_D.jpg"", ""https://ak-d.tripcdn.com/images/20021900000169wce0B47_R_800_525_R5_D.jpg""]"|"Wi-Fi in designated areasRestaurantFront desk (24 hours)Wake-up callGym"|"Opened: 2019 The Atour Hotel (Taicang Dongcang South Road) is one of the newest hotels in Taicang, having opened in 2019."|"trip.com"
"https://us.trip.com/hotels/suzhou-hotel-detail-6450395/g-e-summit-hotel/?cityId=83&checkIn=2022-01-22&checkOut=2022-01-23&adult=2&children=0&crn=1&ages=&travelpurpose=0&curr=USD&link=title&hoteluniquekey=H4sIAAAAAAAAAOOaycTFK8Fk8B8GGIWYOBilmpk49v8_LmmwgdmRAQQkOh08wQyFPocAnkIwk6HQoZHRL0kgwvJJjsMkxnhOsGDAZAfBNBDImuCg5MwxZ9M_ZgE2iVWvnkkpMGrC9BnCGBasjjATPGGMIFaOA4oSLFFsHH_miUlwOLFxzJ_BKMEyg_H2zU7mFYyMGxkhLklx2MHIdICR6QRj_QKmO0C5XUxQpYeYWDneCUuwnGJiuMTEcIuJ4RETxMxXTAyfmKDm_oKpbmJm6GJmmMQM0TOLGaJ0ETODEAsoDKQUki0TLSzM08zSLA1STdLMLJNMDVPMUy2NDQ1NzMwsUhIVuDX-rlnZz2bEYMUsxejmwRjEZmnsamjqGiXDxezsFykI8e0Heynm0GAXReuCcx2X4iQdklhT83RDgzPuchQwdjGyCTB6MEYwrmJkAAAYbf3ukwEAAA"|"G E Summit Hotel"|"Suzhou"|"127"|"4.8"|"No.199 Zhujiang Middle Road, Kunshan, Jiangsu, China"|"[""https://ak-d.tripcdn.com/images/0201q120008qotcugF083_R_600_400_R5_D.jpg_.webp"", ""https://ak-d.tripcdn.com/images/02042120008qouyxw092B_R_800_525_R5_D.jpg"", ""https://ak-d.tripcdn.com/images/200t13000000ttft0404B_R_800_525_R5_D.jpg""]"|"Wi-Fi in designated areasAirport pickup serviceRestaurantCaféNon-smoking floor"|"Opened: 2016 The G E Summit Hotel is an ideal spot for travelers wanting to discover the city. The G E Summit Hotel is an ideal choice for travelers who want to take in the sights and sounds of Kunshan."|"trip.com"
"https://us.trip.com/hotels/suzhou-hotel-detail-1071402/taifu-international-hotel/?cityId=621&checkIn=2022-01-22&checkOut=2022-01-23&adult=2&children=0&crn=1&ages=&travelpurpose=0&curr=USD&link=title&hoteluniquekey=H4sIAAAAAAAAAON6ycjFK8Fk8B8GGIWYOBilLjNyzF3S183oyAACC8odPMEMg2qHAJ5GRluu64sL5jo5TGL04ISJC549AwQu5Q5Kuhxvzt7kFlCRmLTworQCh8UFJkeYBk8YI4ghio3j1ClmCQ4nVo5TphIsMxhXbXJcwci4kRFsYIOPww5GpgOMTCcYbRYw7X6XvIsJou4QkP7PJsFyionhEhPDLSaGR0wMr5gYPjFBjfsFVdfEzNDFzDCJGaJ6FjPDImYGIVawn6QUki0TLSzM08zSLA1STdLMLJNMDVPMUy2NDQ1NzMwsUhIVuDX-rlnZz2bEYMUsxejmwRjEZmRg6urkHCXDxezsFykIdiPDB3sp5tBgF0XrgnMdl-IkHZJYU_N0Q4Mz7nIUMHYxsgkwejBGMK5iZAAAS4l4gmQBAAA"|"Taifu International Hotel"|"Suzhou"|"60"|"4.8"|"No.9 Huachang South Road, Zhangjiagang, 215600, Jiangsu, China"|"[""https://ak-d.tripcdn.com/images/200f14000000wzw02625B_R_600_400_R5_D.jpg_.webp"", ""https://ak-d.tripcdn.com/images/200g070000002n96f048D_R_800_525_R5_D.jpg"", ""https://ak-d.tripcdn.com/images/200v060000001rwby74EC_R_800_525_R5_D.jpg""]"|"Wi-Fi in designated areasAirport pickup serviceRestaurantNon-smoking floorCurrency exchange"|"Opened: 2013 The Taifu International Hotel is an ideal spot for travelers wanting to discover the city. The Taifu International Hotel is an ideal choice for travelers who want to take in the sights and sounds of Zhangjiagang."|"trip.com"
"https://us.trip.com/hotels/suzhou-hotel-detail-70869365/niccolo-suzhou/?cityId=14&checkIn=2022-01-22&checkOut=2022-01-23&adult=2&children=0&crn=1&ages=&travelpurpose=0&curr=USD&link=title&hoteluniquekey=H4sIAAAAAAAAAOPawMjFK8Fk8B8GGIWYOBilZjFyTN-weTWLwQUui8s-jgwgcGSagyeYYTDLIYBnEqMUZ6Et1_XFLQUOgoe_asT0C-U6OLFx7D3HKMEyg_HroaeKGxnByhOyHXYwMp1gfMa4gGnd1hUqu5igqg4xsXJ8l5JgOcXEcImJ4RYTwyMmhldMDJ-YGH7BlDQxM3QxM0xihiicxcywiJlBiBXsNCmFZMtECwvzNLM0S4NUkzQzyyRTwxTzVEtjQ0MTMzOLlEQFbo2_a1b2sxkxWDFLMbp5MAaxubhYmhoYRslwMYcGuwhaF5zruBQn6SAF4inCeEmsqXm6ocEZdzkKGLsY2QQYPRgjGFcxMgAAYHQtZisBAAA"|"Niccolo Suzhou"|"Suzhou"|"228"|"4.7"|"Tower 1, Suzhou Ifs, No. 409 Suzhou Avenue East, Suzhou, Jiangsu, China"|"[""https://ak-d.tripcdn.com/images/02018120008cmj0956142_R_600_400_R5_D.jpg_.webp"", ""https://ak-d.tripcdn.com/images/02036120008p2huhfBDA9_R_800_525_R5_D.png"", ""https://ak-d.tripcdn.com/images/02021120008p2hjxuE7DB_R_800_525_R5_D.png""]"|"Wi-Fi in designated areasAirport pickup serviceRestaurantCaféBar"|"Opened: 2021 Crowning the top floors of Suzhou International Square (IFS), the city’s tallest skyscraper and beacon of the future, Niccolo Suzhou is located in Jiangsu Province’s prestigious Suzhou Industrial Park. The hotel’s surrounding locale is embellished with tree-lined boulevards and willow trees along its picturesque canals and Jinji Lake. Niccolo Suzhou features 233 spacious, chic and elegant guestrooms including 20 suites. Guests are welcomed to the world of Niccolo by its City Insiders at the hotel’s Lobby 115 floors above the clouds, promising spectacular views as the city’s iconic landmark sky hotel.  Bringing together culture, gastronomy and breathtaking views to offer a variety of unique, sky-high destination dining experiences that are sure to delight the cosmopolitan palates of today’s global travellers as well as the city’s well-heeled locals, Niccolo Kitchen, The Tea Lounge and Bar 115 introduce the city’s gourmand aficionados to the art of dining and entertainment. Hotel’s ultimate sanctuary of well-being and fitness, delivers an sensorial experience.  The spacious and well-equipped Wellness Centre, flooded in natural daylight, offers a new level of experiences to pamper guests’ inner and outer well-being.  The all-round wellness centre flows throughout the 117th level of the hotel, encompassing the Sky Pool with Jacuzzi, Sky Studio and Sky Gym, featuring a full scale of innovative exercise equipment integrated with the latest technology for an invigorating workout.  The event spaces at hotel situated on level 116 are the perfect venues for various occasions. The glittering 340 sq.m Niccolo Room can tailor its space and services to suit every variety of social and business event. Perched above the clouds, the jewel box encased Conservatory is a breathtaking venue highlighting the exclusivity and privacy desired for special events, fashion shows or wedding ceremonies.  Medium and smaller function venues suitable for standalone meetings or breakout events offer an inimitable choice of flexible spaces."|"trip.com"
